name,nature,termStart,termEnd,state,constituency,party,gender,education,educationDetails,age,debates,bills,questions,attendance,notes
A. Elavarasan,Elected,25-Jul-07,In office,Tamil Nadu,,All India Anna Dravida Munnetra Kazhagam,Male,Information not available,,55,33,0,432,83, (All data corresponds to the period 04 Jun 2009 to 22 May 2012)
A. Vijayaraghavan,Elected,03-Apr-04,02-04-2010,Kerala,,Communist Party of India (Marxist),Male,Graduate,"B.A., LL.B. Educated at St. Gemmas U.P. School, Government High School, Malappuram, Government College, Malappuram and Government Law College, Kozhikode ",56,12,0,82,74, (All data corresponds to the period 04 Jun 2009 to 22 May 2012)
A. W. Rabi Bernard,Elected,19-Jul-11,In office,Tamil Nadu,,All India Anna Dravida Munnetra Kazhagam,Male,Graduate,Edit the detail,62,9,0,7,98, (All data corresponds to the period 04 Jun 2009 to 22 May 2012)
A.A. Jinnah,Elected,03-Apr-08,In office,Tamil Nadu,,Dravida Munnetra Kazhagam,Male,Graduate,"B.A., B.L. Educated at Loyola College, Chennai and Law College, Chennai (Tamil Nadu) ",71,12,0,87,90, (All data corresponds to the period 04 Jun 2009 to 22 May 2012)
A.K. Antony,Elected,03-Apr-10,In office,Kerala,,Indian National Congress,Male,Graduate,"B.A., B.L. Educated at University of Kerala ",71,N/A,N/A,N/A,N/A,"This MP is a minister. Ministers represent the government in debates, so we do not report their participation.� They do not sign the attendance register, ask questions, or introduce private member bills. (All data corresponds to the period 04 Jun 2009 to 22 May 2012)"
A.V. Swamy,Elected,04-Apr-12,In office,Orissa,,Independent,Male,Information not available,,Information not available,1,0,0,90, (All data corresponds to the period 04 Jun 2009 to 22 May 2012)
Aayanur Manjunath,Elected,01-Jul-10,In office,Karnataka,,Bharatiya Janata Party,Male,Professional Graduate,"B.A., L.L.B.; Educated at Sahyadri College and National College of Law, Shimoga",56,1,0,0,69, (All data corresponds to the period 04 Jun 2009 to 22 May 2012)
Abani Roy,Elected,19-Aug-05,18-08-2011,West Bengal,,Revolutionary Socialist Party,Male,Inter/ Higher Secondary,"Intermediate (in Science) Educated at Raisina Bengali Higher Secondary School, New Delhi and City-College, Ram Mohan Roy Sarani, Kolkata ",73,9,0,0,88, (All data corresponds to the period 04 Jun 2009 to 22 May 2012)
Abdul Wahab Peevee,Elected,03-Apr-04,02-04-2010,Kerala,,Muslim League Kerala State Committee,Male,Graduate,"Educated at Government Manavedan High School, Nilambur and MES College, Mampad, Kerala",61,3,0,33,29, (All data corresponds to the period 04 Jun 2009 to 22 May 2012)
Abhishek Manu Singhvi,Elected,04-Apr-12,In office,Rajasthan,,Indian National Congress,Male,Doctorate,"B.A.(Hons.), M.A., Ph.D., PIL Educated at St. Columba's School, Delhi, St. Stephen's College, Delhi University, Trinity College, University of Cambridge, U.K. and Havard University, U.S.A. ",53,5,1,25,52, (All data corresponds to the period 04 Jun 2009 to 22 May 2012)
Ahmad Saeed Malihabadi,Elected,03-Apr-08,In office,West Bengal,,Independent,Male,Graduate,"After school completed education at Madrasah Islah and Darul Musanafeen (Shibli Academy), Azamagarh",81,14,0,21,93, (All data corresponds to the period 04 Jun 2009 to 22 May 2012)
Ahmed Patel,Elected,19-Aug-11,In office,Gujarat,,Indian National Congress,Male,Graduate,"B.Sc. Educated at Shree Jayendra Puri Arts and Science College, Bharuch (South Gujarat University) and M.S. University, Baroda ",62,0,0,0,72, (All data corresponds to the period 04 Jun 2009 to 22 May 2012)
Ajay Sancheti,Elected,03-Apr-12,In office,Maharashtra,,Bharatiya Janata Party,Male,Information not available,,Information not available,0,0,0,67, (All data corresponds to the period 04 Jun 2009 to 22 May 2012)
Ajay Singh Chautala,Elected,08-Feb-04,02-11-2009,Haryana,,Indian National Lok Dal,Male,Post Graduate,"B.A., M.A., LL.B. Educated at Government College, Hissar and Rajasthan University, Jaipur (Rajasthan)",51,0,0,9,53, (All data corresponds to the period 04 Jun 2009 to 22 May 2012)
Akhilesh Das Gupta,Elected,26-Nov-08,In office,Uttar Pradesh,,Bahujan Samaj Party,Male,Doctorate,"M.B.A., LL.B., D.P.A. (Diploma in Public Administration), Ph.D. on 'Human Resources Management in Public Sector Undertakings' Educated at Colvin Taluqdars' College, Allahabad University, Lucknow University and Agra University ",51,7,12,12,54, (All data corresponds to the period 04 Jun 2009 to 22 May 2012)
Ali Anwar Ansari,Elected,03-Apr-12,In office,Bihar,,Janata Dal (United),Male,Graduate,"Graduate, Educated at D.K.College, Dumraon and M.V.College, Buxar (Bihar) ",58,38,0,51,74, (All data corresponds to the period 04 Jun 2009 to 22 May 2012)
Alka Balram Kshatriya,Elected,10-Apr-08,In office,Gujarat,,Indian National Congress,Female,Post Graduate,"B.Com., LL.B., M.Com., LL.M. (Commercial Law), Diploma in Labour Laws and Practice (D.L.P.), Diploma in Taxation Practice (D.T.P.) Educated at Gujarat University, Ahmedabad and North Gujarat University, Mahesana ",52,11,0,159,96, (All data corresponds to the period 04 Jun 2009 to 22 May 2012)
Amar Singh,Elected,26-Nov-08,In office,Uttar Pradesh,,Independent,Male,Graduate,"B.A., LL.B. Educated at St. Xavier's College and University College of Law, Kolkata ",56,14,0,113,29, (All data corresponds to the period 04 Jun 2009 to 22 May 2012)
Ambeth Rajan,Elected,26-Sep-07,In office,Uttar Pradesh,,Bahujan Samaj Party,Male,Graduate,"B.Sc. II Educated at AVC College, Mayiladuthurai, Tamil Nadu ",56,27,0,191,97, (All data corresponds to the period 04 Jun 2009 to 22 May 2012)
Ambika Soni,Elected,05-Jul-10,In office,Punjab,,Indian National Congress,Female,Graduate,"B.A. (Hons.), Diplome Superiore en Langue Francaise, Post-Graduate Diploma in Spanish Art and Literature Educated at Indraprastha College, Delhi University, Alliance Francaise, Bangkok and University of Havana, Cuba ",69,N/A,N/A,N/A,N/A,"This MP is a minister. Ministers represent the government in debates, so we do not report their participation.� They do not sign the attendance register, ask questions, or introduce private member bills. (All data corresponds to the period 04 Jun 2009 to 22 May 2012)"
Amir Alam Khan,Elected,13-Jun-06,04-07-2010,Uttar Pradesh,,Samajwadi Party,Male,Inter/ Higher Secondary,"Intermediate Educated at Islamia Inter College, Muzaffarnagar (Uttar Pradesh) ",53,3,0,186,44, (All data corresponds to the period 04 Jun 2009 to 22 May 2012)
Anand Sharma,Elected,05-Jul-10,In office,Rajasthan,,Indian National Congress,Male,Graduate,"B.A., LL.B. Educated at R.P.C.S.D.B. College, Shimla and Faculty of Law, Himachal Pradesh University, Shimla ",59,N/A,N/A,N/A,N/A,"This MP is a minister. Ministers represent the government in debates, so we do not report their participation.� They do not sign the attendance register, ask questions, or introduce private member bills. (All data corresponds to the period 04 Jun 2009 to 22 May 2012)"
Ananda Bhaskar Rapolu,Elected,03-Apr-12,In office,Andhra Pradesh,,Indian National Congress,Male,Information not available,,Information not available,7,0,0,81, (All data corresponds to the period 04 Jun 2009 to 22 May 2012)
Anbumani Ramadoss,Elected,30-Jun-04,29-06-2010,Tamil Nadu,,Pattali Makkal Katchi,Male,Graduate,"M.B.B.S. Educated at Madras Medical College, Chennai (Tamil Nadu) ",43,2,0,0,15, (All data corresponds to the period 04 Jun 2009 to 22 May 2012)
Anil H. Lad,Elected,26-Jun-08,In office,Karnataka,,Indian National Congress,Male,Inter/ Higher Secondary,"Educated at Sandur Residential School, Sandur, Distt. Bellary, Karnataka ",38,4,0,21,63, (All data corresponds to the period 04 Jun 2009 to 22 May 2012)
Anil Kumar Sahani,Elected,03-Apr-12,In office,Bihar,,Janata Dal (United),Male,Post Graduate,"LL.B., M.A.; Educated at Baba Saheb Bhimrao Ambedkar Bihar University, Muzaffarpur (Bihar)",48,15,0,273,78, (All data corresponds to the period 04 Jun 2009 to 22 May 2012)
Anil Madhav Dave,Elected,04-Aug-09,In office,Madhya Pradesh,,Bharatiya Janata Party,Male,Post Graduate,"M.Com. Educated at Gujarati College, Indore, Madhya Pradesh ",55,35,0,286,83, (All data corresponds to the period 04 Jun 2009 to 22 May 2012)
Anil Yeshwant Desai,Elected,03-Apr-12,In office,Maharashtra,,Shiv Sena,Male,Information not available,,Information not available,6,0,27,100, (All data corresponds to the period 04 Jun 2009 to 22 May 2012)
Anu Aga,Nominated,27-Apr-12,In office,,,Independent,Female,Post Graduate,"B.A.(Eco) from St Xavier's College, Mumbai, and post graduation in medical and psychiatric social work from the TISS, Mumbai. Also had been a Fulbright Scholar and studied in the United States for four months.",69,0,0,0,50, (All data corresponds to the period 04 Jun 2009 to 22 May 2012)
Anusuiya Uikey,Elected,03-Apr-06,02-04-2012,Madhya Pradesh,,Bharatiya Janata Party,Female,Post Graduate,"M.A. (Economics), LL.B. (II year)",55,48,0,249,90, (All data corresponds to the period 04 Jun 2009 to 22 May 2012)
Arjun Kumar Sengupta,Elected,19-Aug-05,26-09-2010,West Bengal,,Independent,Male,Doctorate,"B.A., M.A., Ph.D. (Economics) Educated at Mitra Institution, Bhavanipur, Kolkata, Presidency College, University of Calcutta, Kolkata and Massachusetts Institute of Technology (MIT), USA ",74,7,0,0,61, (All data corresponds to the period 04 Jun 2009 to 22 May 2012)
Arjun Singh,Elected,03-Apr-06,04-03-2011,Madhya Pradesh,,Indian National Congress,Male,Graduate,"B.A., LL.B. Educated at Allahabad University and Agra University ",81,1,0,0,22, (All data corresponds to the period 04 Jun 2009 to 22 May 2012)
Arun Jaitley,Elected,03-Apr-12,In office,Gujarat,,Bharatiya Janata Party,Male,Graduate,"B.Com. (Hons.), LL.B. Educated at Sri Ram College of Commerce, University of Delhi and Faculty of Law, University of Delhi ",59,76,0,0,N/A,"As Leader of Opposition, this MP does not sign the attendance register. (All data corresponds to the period 04 Jun 2009 to 22 May 2012)"
Arun Shourie,Elected,05-Jul-04,04-07-2010,Uttar Pradesh,,Bharatiya Janata Party,Male,Doctorate,"Ph.D. (Economics), Educated at Modern School, New Delhi, St.Stephen's College, Delhi and University of Syracuse, U.S.A",70,3,0,0,61, (All data corresponds to the period 04 Jun 2009 to 22 May 2012)
Arvind Kumar,Elected,20-Apr-12,In office,Uttar Pradesh,,Samajwadi Party,Male,Information not available,,42,1,0,0,100, (All data corresponds to the period 04 Jun 2009 to 22 May 2012)
Ashk Ali Tak,Elected,05-Jul-10,In office,Rajasthan,,Indian National Congress,Male,Post Graduate,"M.A., Diploma in Indian Thought ; Educated at University of Rajasthan, Jaipur",53,5,0,156,89, (All data corresponds to the period 04 Jun 2009 to 22 May 2012)
Ashok S. Ganguly,Nominated,18-Nov-09,In office,,,Independent,Male,Doctorate,"B.Sc., M.S., Ph.D. ; Educated at Master Tutorial High School, Mumbai, Jaihind College, Mumbai and University of Illinois, U.S.A.",76,32,0,4,65, (All data corresponds to the period 04 Jun 2009 to 22 May 2012)
Ashwani Kumar,Elected,10-Apr-10,In office,Punjab,,Indian National Congress,Male,Post Graduate,"B.A.(Hons.), LL.B., M.Phil. Educated at St. Stephen's College, Delhi; Faculty of Law, University of Delhi and Jawaharlal Nehru University, New Delhi ",59,8,0,0,93,"This MP was appointed a minister in January, 2011.  Ministers represent the government, so we do not report their participation.  Participation and attendance details for this MP are thus available only till 13th December, 2010. (All data corresponds to the period 04 Jun 2009 to 22 May 2012)"
Avinash Pande,Elected,05-Jul-10,In office,Maharashtra,,Indian National Congress,Male,Professional Post Graduate,"B.Com, M.A. (Economics), M.A. (Public Administration) D.B.M., LL.B. ; Educated at Nagpur University, Nagpur",53,2,0,60,78, (All data corresponds to the period 04 Jun 2009 to 22 May 2012)
Avinash Rai Khanna,Elected,10-Apr-10,In office,Punjab,,Bharatiya Janata Party,Male,Professional Graduate,"B.Com., LL.B., Diploma in Business Management ; Educated at D.A.V. College, Jalandhar and Panjab University, Chandigarh",51,65,0,204,94, (All data corresponds to the period 04 Jun 2009 to 22 May 2012)
Avtar Singh Karimpuri,Elected,26-Nov-08,In office,Uttar Pradesh,,Bahujan Samaj Party,Male,Graduate,"Intermediate, B.A. (Public Administration) (Part-II) Educated at Govt. High School, Kotranjha, (Punjab) and Annamalai University ",48,70,4,97,83, (All data corresponds to the period 04 Jun 2009 to 22 May 2012)
B. Jayashree,Nominated,22-Mar-10,In office,,,Independent,Female,Graduate,"Graduate ; Educated at National School of Drama, New Delhi",61,4,0,0,66, (All data corresponds to the period 04 Jun 2009 to 22 May 2012)
B. S. Gnanadesikan,Elected,25-Jul-07,In office,Tamil Nadu,,Indian National Congress,Male,Graduate,"B.A., B.L. Educated at Loyola College, Chennai and Dr. Ambedkar Law College, Chennai",63,20,0,171,54, (All data corresponds to the period 04 Jun 2009 to 22 May 2012)
B.B. Tiwari,Elected,03-Apr-12,25-04-2012,Uttar Pradesh,,Samajwadi Party,Male,Information not available,,Information not available,0,0,0,N/A, (All data corresponds to the period 04 Jun 2009 to 22 May 2012)
B.K. Hariprasad,Elected,01-Jul-04,30-06-2010,Karnataka,,Indian National Congress,Male,Graduate,"B. Com. Educated at M.E.S.College, Bangalore University, Bangalore ",57,4,0,143,91, (All data corresponds to the period 04 Jun 2009 to 22 May 2012)
Baishnab Parida,Elected,02-Jul-10,In office,Orissa,,Biju Janata Dal,Male,Post Graduate,"M.A., M.Phil ; Educated at University of Calcutta and Institute of Oriental Studies, Moscow",71,27,0,139,96, (All data corresponds to the period 04 Jun 2009 to 22 May 2012)
Balavant alias Bal Apte,Elected,03-Apr-06,02-04-2012,Maharashtra,,Bharatiya Janata Party,Male,Post Graduate,"M.A., LL.M. Educated at University of Mumbai, Mumbai ",73,11,0,302,73, (All data corresponds to the period 04 Jun 2009 to 22 May 2012)
Balbir Punj,Elected,03-Apr-08,In office,Orissa,,Bharatiya Janata Party,Male,Graduate,"B.A. (Hons.) Economics Educated at Rajdhani College, Delhi University, Delhi ",62,29,0,55,83, (All data corresponds to the period 04 Jun 2009 to 22 May 2012)
Balihari Babu,Elected,03-Apr-06,12-06-2009,Uttar Pradesh,,Samajwadi Party,Male,Inter/ Higher Secondary,"Intermediate Educated at Public Inter College, Shahganj, Jaunpur (Uttar Pradesh)",61,0,0,0,100, (All data corresponds to the period 04 Jun 2009 to 22 May 2012)
Balwinder Singh Bhunder,Elected,05-Jul-10,In office,Punjab,,Shiromani Akali Dal,Male,Graduate,"B.A. Educated at Government Rajindra College, Bhatinda",67,14,0,229,66, (All data corresponds to the period 04 Jun 2009 to 22 May 2012)
Barun Mukherji,Elected,18-Nov-08,In office,West Bengal,,All India Forward Bloc,Male,Doctorate,"B.Sc., B.A., M.A., B. Lib. Sc., Ph.D. and P.G.D.B.M. Educated at Bansberia H. E. School, Bansberia, Distt. Hooghly (West Bengal), Hooghly Mohsin College, Chinsurah, Calcutta University and Institute of Modern Management, Calcutta ",79,35,0,11,88, (All data corresponds to the period 04 Jun 2009 to 22 May 2012)
Basawaraj Patil,Elected,03-Apr-12,In office,Karnataka,,Bharatiya Janata Party,Male,Information not available,,Information not available,5,0,3,95, (All data corresponds to the period 04 Jun 2009 to 22 May 2012)
Bashistha Narain Singh,Elected,03-Apr-12,In office,Bihar,,Janata Dal (United),Male,Information not available,,64,1,0,0,86, (All data corresponds to the period 04 Jun 2009 to 22 May 2012)
Bhagat Singh Koshyari,Elected,26-Nov-08,In office,Uttarakhand,,Bharatiya Janata Party,Male,Post Graduate,"M.A. (English) Educated at Almora College, Almora (Agra University) ",69,12,1,375,88, (All data corresponds to the period 04 Jun 2009 to 22 May 2012)
Bhagirathi Majhi,Elected,24-Mar-06,01-07-2010,Orissa,,Bharatiya Janata Party,Male,Graduate,"B.A. Educated at Sulaipat High School, Sulaipat and Keonjhar College, Utkal University (Orissa) ",58,2,0,55,94, (All data corresponds to the period 04 Jun 2009 to 22 May 2012)
Bhagwati Singh,Elected,05-Jul-04,04-07-2010,Uttar Pradesh,,Samajwadi Party,Male,Graduate,"B.A. Educated at Arjunpur, Sidholi, Sitapur and Lucknow University (Uttar Pradesh) ",78,3,0,43,92, (All data corresponds to the period 04 Jun 2009 to 22 May 2012)
Bhalchandra Mungekar,Nominated,22-Mar-10,In office,,,Independent,Male,Doctorate,"B.A.(Hons.) in Economics, M.A.(Economics) Ph.D. ; Educated at University of Mumbai",66,22,0,84,87, (All data corresponds to the period 04 Jun 2009 to 22 May 2012)
Bharatkumar Raut,Elected,03-Apr-08,In office,Maharashtra,,Shiv Sena,Male,Post Graduate,"M.A. (Politics) Educated at University of Bombay, Mumbai ",59,89,0,150,85, (All data corresponds to the period 04 Jun 2009 to 22 May 2012)
Bharatsinh Prabhatsinh Parmar,Elected,10-Apr-08,In office,Gujarat,,Bharatiya Janata Party,Male,Graduate,"B. Com., LL.B. Educated at South Gujarat University, Bharuch (Gujarat)",54,10,0,306,70, (All data corresponds to the period 04 Jun 2009 to 22 May 2012)
Bhubaneswar Kalita,Elected,10-Apr-08,In office,Assam,,Indian National Congress,Male,Post Graduate,"M.A., LL.B. Educated at Rangia HS School, Rangia, Cotton College, Guwahati University and University Law College, Guwahati ",61,8,0,38,81, (All data corresponds to the period 04 Jun 2009 to 22 May 2012)
Bhupender Yadav,Elected,04-Apr-12,In office,Rajasthan,,Bharatiya Janata Party,Male,Professional Graduate,LLB,Information not available,6,0,15,100, (All data corresponds to the period 04 Jun 2009 to 22 May 2012)
Bhushanlal Jangde,Elected,03-Apr-12,In office,Chhattisgarh,,Bharatiya Janata Party,Male,Information not available,,Information not available,0,0,0,90, (All data corresponds to the period 04 Jun 2009 to 22 May 2012)
Bimal Jalan,Nominated,27-Aug-03,26-08-2009,,,Independent,Male,Doctorate,"B.A.(Hons.), B.A.(Tripos), M.A., M. Phil.,Ph. D. Educated at Presidency College, Kolkata, University of Cambridge, U.K., University of Oxford, U.K. and University of Bombay, Mumbai",70,3,0,0,87, (All data corresponds to the period 04 Jun 2009 to 22 May 2012)
Bimla Kashyap Sood,Elected,03-Apr-10,In office,Himachal Pradesh,,Bharatiya Janata Party,Female,Graduate,"B.A. ; Educated at Punjab University, Shimla",70,20,0,127,89, (All data corresponds to the period 04 Jun 2009 to 22 May 2012)
Birender Singh,Elected,02-Aug-10,In office,Haryana,,Indian National Congress,Male,Professional Graduate,"B.A., LL.B. ; Educated at Government College, Rohtak, Haryana and Department of Law, Chandigarh",66,2,0,13,89, (All data corresponds to the period 04 Jun 2009 to 22 May 2012)
Birendra Prasad Baishya,Elected,10-Apr-08,In office,Assam,,Asom Gana Parishad,Male,Post Graduate,"B.A. (Hons.), M.A. (Economics) Educated at Gauhati University, Guwahati ",56,50,0,351,90, (All data corresponds to the period 04 Jun 2009 to 22 May 2012)
Biswajit Daimary,Elected,10-Apr-08,In office,Assam,,Bodoland People's Front,Male,Inter/ Higher Secondary,"Higher Secondary Educated at Kokrajhar College, Kokrajhar ",41,20,0,9,64, (All data corresponds to the period 04 Jun 2009 to 22 May 2012)
Brij Bhushan Tiwari,Elected,06-Dec-06,04-07-2010,Uttar Pradesh,,Samajwadi Party,Male,Post Graduate,"B.A., M.A. (Pol. Sc.), LL.B. Educated at Shivpati Inter College, Shohratgarh, St. Andrew's College, Gorakhpur and Allahabad University, Allahabad ",70,31,0,84,89, (All data corresponds to the period 04 Jun 2009 to 22 May 2012)
Brijesh Pathak,Elected,26-Nov-08,In office,Uttar Pradesh,,Bahujan Samaj Party,Male,Post Graduate,"B.Com., LL.B., M.A. (I) Composite History Educated at Lucknow University ",47,17,0,0,87, (All data corresponds to the period 04 Jun 2009 to 22 May 2012)
Brijlal Khabri,Elected,26-Nov-08,In office,Uttar Pradesh,,Bahujan Samaj Party,Male,Post Graduate,"M.A., LL.B. Educated at Dayanand Vedic Mahavidyalaya, Orai, Distt. Jalaun and Bundelkhand University, Jhansi, Uttar Pradesh ",51,12,0,130,63, (All data corresponds to the period 04 Jun 2009 to 22 May 2012)
Brinda Karat,Elected,19-Aug-05,18-08-2011,West Bengal,,Communist Party of India (Marxist),Female,Graduate,"Senior Cambridge, B.A. Educated at Welham Girls High School, Dehradun, Loreto House, Kolkata and Miranda House, Delhi University, Delhi ",64,69,3,173,86, (All data corresponds to the period 04 Jun 2009 to 22 May 2012)
C Rangarajan,Nominated,09-Aug-08,10-08-2009,,,Independent,Male,Doctorate,"B.Com. (Hons.), Ph.D. Educated at Madras University, Chennai and University of Pennsylvania, Philadelphia",80,1,0,0,93, (All data corresponds to the period 04 Jun 2009 to 22 May 2012)
C.M. Ramesh,Elected,03-Apr-12,In office,Andhra Pradesh,,Telugu Desam Party,Male,Information not available,,Information not available,0,0,0,43, (All data corresponds to the period 04 Jun 2009 to 22 May 2012)
C.P. Thakur,Elected,10-Apr-08,In office,Bihar,,Bharatiya Janata Party,Male,Post Graduate,"M.B.B.S., M.D., M.R.C.P., F.R.C.P. Educated at Patna Medical College, Patna University, Bihar, Royal College of Physicians, London and Royal College of Physicians, Edinburgh and Royal College of Tropical Medicine and Hygiene, London ",80,18,0,9,71, (All data corresponds to the period 04 Jun 2009 to 22 May 2012)
Chandan Mitra,Elected,30-Jun-10,In office,Madhya Pradesh,,Bharatiya Janata Party,Male,Doctorate,"B.A. (Hons.) in Economics, M.A.(History), D.Phil. Educated at La Martiniere for Boys, Kolkata, St. Stephen's College, Delhi, Delhi University and Oxford University, U.K.",57,26,0,13,86,"This MP has been re-elected/nominated. During his previous term, this MP was a nominated representative; the term ended on 26th August, 2009. (All data corresponds to the period 04 Jun 2009 to 22 May 2012)"
Chiranjeevi Konidala,Elected,03-Apr-12,In office,Andhra Pradesh,,Indian National Congress,Male,Information not available,,Information not available,0,0,0,71, (All data corresponds to the period 04 Jun 2009 to 22 May 2012)
D. Raja,Elected,25-Jul-07,In office,Tamil Nadu,,Communist Party of India,Male,Graduate,"B.Sc., B.Ed. Educated at University of Madras, Chennai and Department of Education, Madras ",62,126,1,598,95, (All data corresponds to the period 04 Jun 2009 to 22 May 2012)
D.P. Tripathi,Elected,03-Apr-12,In office,Maharashtra,,Nationalist Congress Party,Male,Information not available,,Information not available,1,0,0,100, (All data corresponds to the period 04 Jun 2009 to 22 May 2012)
Dara Singh,Nominated,27-Aug-03,26-08-2009,,,Bharatiya Janata Party,Male,Others,Self-educated,83,0,0,19,57, (All data corresponds to the period 04 Jun 2009 to 22 May 2012)
Darshan Singh Yadav,Elected,03-Apr-12,In office,Uttar Pradesh,,Samajwadi Party,Male,Information not available,,Information not available,0,0,0,86, (All data corresponds to the period 04 Jun 2009 to 22 May 2012)
Dasari Narayana Rao,Elected,03-Apr-06,02-04-2012,Andhra Pradesh,,Indian National Congress,Male,Graduate,"Honorary Doctorate from Andhra University, Visakhapatnam, 1986 ",65,0,0,0,13, (All data corresponds to the period 04 Jun 2009 to 22 May 2012)
Debabrata Bandyopadhyay,Elected,18-Aug-11,In office,West Bengal,,All India Trinamool Congress,Male,Post Graduate,"B.A. (Hons.) Economics, M.A. (Economics) ; Educated at Presidency College, Kolkata and University of Calcutta, Kolkata",80,34,0,24,96, (All data corresponds to the period 04 Jun 2009 to 22 May 2012)
Derek O Brien,Elected,18-Aug-11,In office,West Bengal,,All India Trinamool Congress,Male,Graduate,"B.A. ; Educated at Scottish Church College, Kolkata",51,5,0,0,76, (All data corresponds to the period 04 Jun 2009 to 22 May 2012)
Devender T. Goud,Elected,03-Apr-12,In office,Andhra Pradesh,,Telugu Desam Party,Male,Information not available,,Information not available,11,0,2,86, (All data corresponds to the period 04 Jun 2009 to 22 May 2012)
Dharam Pal Sabharwal,Elected,10-Apr-04,09-04-2010,Punjab,,Indian National Congress,Male,Graduate,"High School, Honours in Hindi (Prabhakar)",71,4,0,90,99, (All data corresponds to the period 04 Jun 2009 to 22 May 2012)
Dharmendra Pradhan,Elected,03-Apr-12,In office,Bihar,,Bharatiya Janata Party,Male,Information not available,,Information not available,2,0,18,86, (All data corresponds to the period 04 Jun 2009 to 22 May 2012)
Dhiraj Prasad Sahu,Elected,24-Jun-09,In office,Jharkhand,,Indian National Congress,Male,Graduate,"B.A. Educated at Marwari College, Ranchi ",52,2,0,262,76, (All data corresponds to the period 04 Jun 2009 to 22 May 2012)
Dilip Kumar Tirkey,Elected,04-Apr-12,In office,Orissa,,Biju Janata Dal,Male,Information not available,,Information not available,1,0,7,100, (All data corresponds to the period 04 Jun 2009 to 22 May 2012)
Dilipbhai Shivshankarbhai Pandya,Elected,18-Aug-11,In office,Gujarat,,Bharatiya Janata Party,Male,Professional Graduate,"B.Sc., LL.B. ; Educated at University of Bombay, Mumbai",68,6,0,130,86, (All data corresponds to the period 04 Jun 2009 to 22 May 2012)
E.M. Sudarsana Natchiappan,Elected,30-Jun-10,In office,Tamil Nadu,,Indian National Congress,Male,Doctorate,"M.A., B.L. Educated at Thiayagarajar College, Madurai, Madras Law College, Chennai and Madurai Kamaraj University, Madurai",64,57,3,179,99, (All data corresponds to the period 04 Jun 2009 to 22 May 2012)
Ejaz Ali,Elected,20-Mar-08,07-07-2010,Bihar,,Janata Dal (United),Male,Post Graduate,"M.B.B.S., M.S. (General Surgery) Educated at Hazaribagh High School and Patna Medical College and Hospital (Patna University), Patna, Bihar ",54,5,0,8,66, (All data corresponds to the period 04 Jun 2009 to 22 May 2012)
G. N. Ratanpuri,Elected,04-Aug-09,In office,Jammu and Kashmir,,Jammu and Kashmir National Conference,Male,Graduate,"B.Sc. ; Educated at Kashmir University, Srinagar",58,7,0,78,92, (All data corresponds to the period 04 Jun 2009 to 22 May 2012)
G. Sanjeeva Reddy,Elected,03-Apr-06,02-04-2012,Andhra Pradesh,,Indian National Congress,Male,Graduate,"Honorary Doctorate from Mahatma Gandhi Kashi Vidyapeeth, Varanasi, 2004",82,2,0,0,74, (All data corresponds to the period 04 Jun 2009 to 22 May 2012)
G.K. Vasan,Elected,03-Apr-08,In office,Tamil Nadu,,Indian National Congress,Male,Graduate,"B.A. (Corporate Secretaryship) Educated at The New College, Madras University, Chennai ",47,N/A,N/A,N/A,N/A,"This MP is a minister. Ministers represent the government in debates, so we do not report their participation.� They do not sign the attendance register, ask questions, or introduce private member bills. (All data corresponds to the period 04 Jun 2009 to 22 May 2012)"
Ganga Charan,Elected,19-Jun-09,02-04-2012,Uttar Pradesh,,Bahujan Samaj Party,Male,Professional Graduate,"BA, LLB",52,33,0,70,71, (All data corresponds to the period 04 Jun 2009 to 22 May 2012)
George Fernandes,Elected,04-Aug-09,07-07-2010,Bihar,,Janata Dal (United),Male,Inter/ Higher Secondary,"S.S.L.C. Educated at St. Aloysius College (High School), Mangalore",81,0,0,0,16, (All data corresponds to the period 04 Jun 2009 to 22 May 2012)
Ghulam Nabi Azad,Elected,11-Feb-09,In office,Jammu and Kashmir,,Indian National Congress,Male,Post Graduate,"M.Sc. (Zoology) Educated at Government Degree College Bhadarwah, G.G.M. Science College, Jammu, S.P. College, Srinagar and Kashmir University, Srinagar",63,N/A,N/A,N/A,N/A,"This MP is a minister. Ministers represent the government in debates, so we do not report their participation.� They do not sign the attendance register, ask questions, or introduce private member bills. (All data corresponds to the period 04 Jun 2009 to 22 May 2012)"
Gireesh Kumar Sanghi,Elected,22-Jun-04,21-06-2010,Andhra Pradesh,,Indian National Congress,Male,Post Graduate,"B.A., M.A (Political Science) Educated at Osmania University, Hyderabad ",57,15,3,200,68, (All data corresponds to the period 04 Jun 2009 to 22 May 2012)
Govindrao Wamanrao Adik,Elected,04-Aug-09,02-04-2012,Maharashtra,,Nationalist Congress Party,Male,Professional Graduate,"BA (Hons), LLB; Educated at Undirgaon, Janata Vidyalaya, Shrirampur and Dnyanmata Vidyalaya, Sangamner, Distt. Ahmednagar, M.E.S. College (now Garware College) and Law College, Pune",72,10,0,308,87, (All data corresponds to the period 04 Jun 2009 to 22 May 2012)
Gundu Sudha Rani,Elected,22-Jun-10,In office,Andhra Pradesh,,Telugu Desam Party,Female,Post Graduate,"M.A. (Public Administration) ; Educated at Madurai Kamaraj University, Madurai",47,15,0,265,62, (All data corresponds to the period 04 Jun 2009 to 22 May 2012)
Gyan Prakash Pilania,Elected,10-Apr-08,In office,Rajasthan,,Bharatiya Janata Party,Male,Doctorate,"LL.B., M.A. (History), M.A. (Hindi), Ph.D. (History), one year academic higher course in Public Administration, Manchester University, Manchester (U.K.), Sahitya Ratan, Prayag (Allahabad) Educated at Law Faculty, Delhi University, Nagpur University, Bhaga",80,56,0,574,90, (All data corresponds to the period 04 Jun 2009 to 22 May 2012)
H.K. Dua,Nominated,18-Nov-09,In office,,,Independent,Male,Post Diploma Course,"B.A., Post Graduate Diploma in Journalism ; Educated at Panjab University Hony. D. Litt. from Kurukshetra University, (Kurukshetra) and Panjab University",74,18,0,32,92, (All data corresponds to the period 04 Jun 2009 to 22 May 2012)
Hans Raj Bhardwaj,Elected,03-Apr-06,29-07-2009,Haryana,,Indian National Congress,Male,Post Graduate,"M.A., LL.B., Doctor of Laws (Honoris Causa) Educated at G.B.C.High School, Rohtak, B.M.College, Shimla, Agra University and Panjab University, Chandigarh",75,0,0,0,100, (All data corresponds to the period 04 Jun 2009 to 22 May 2012)
Hemant Soren,Elected,24-Jun-09,04-01-2010,Jharkhand,,Jharkhand Mukti Morcha,Male,Information not available,,Information not available,1,0,0,22, (All data corresponds to the period 04 Jun 2009 to 22 May 2012)
Hishey Lachungpa,Elected,12-Mar-12,In office,Sikkim,,Sikkim Democratic Front,Male,Graduate,Bachelor in Arts,45,0,0,0,54, (All data corresponds to the period 04 Jun 2009 to 22 May 2012)
Husain Dalwai,Elected,26-Jul-11,In office,Maharashtra,,Indian National Congress,Male,Others,Information yet to receive,52,15,0,98,95, (All data corresponds to the period 04 Jun 2009 to 22 May 2012)
Ishwar Singh,Elected,10-Apr-08,In office,Haryana,,Indian National Congress,Male,Post Graduate,"M.A., LL.B. Educated at Kurukshetra University, Kurukshetra ",62,17,0,195,96, (All data corresponds to the period 04 Jun 2009 to 22 May 2012)
Ishwarlal Shankarlal Jain,Elected,05-Jul-10,In office,Maharashtra,,Nationalist Congress Party,Male,Inter/ Higher Secondary,"Intermediate (Science) ; Educated at New English School, Jamner and M.J. College, Jalgaon",66,2,0,293,78, (All data corresponds to the period 04 Jun 2009 to 22 May 2012)
Jabir Husain,Elected,03-Apr-06,02-04-2012,Bihar,,Rashtriya Janata Dal,Male,Post Graduate,"B.A. Hons. (Eng.), M.A. (Eng.) Educated under Bihar Secondary Education Board, Patna and Bihar University, Muzaffarpur ",66,1,0,17,97, (All data corresponds to the period 04 Jun 2009 to 22 May 2012)
Jagat Prakash Nadda,Elected,03-Apr-12,In office,Himachal Pradesh,,Bharatiya Janata Party,Male,Information not available,,Information not available,1,0,0,86, (All data corresponds to the period 04 Jun 2009 to 22 May 2012)
Jai Prakash,Elected,04-Aug-09,02-04-2012,Uttar Pradesh,,Bahujan Samaj Party,Male,Information not available,,54,0,0,132,62, (All data corresponds to the period 04 Jun 2009 to 22 May 2012)
Jai Prakash Narayan Singh,Elected,10-Apr-08,In office,Jharkhand,,Bharatiya Janata Party,Male,Graduate,B.Sc. (Hons.) Educated at Bihar University ,63,33,0,340,84, (All data corresponds to the period 04 Jun 2009 to 22 May 2012)
Jairam Ramesh,Elected,22-Jun-10,In office,Andhra Pradesh,,Indian National Congress,Male,Post Graduate,"B.Tech., M.S. and Graduate Study Educated at I.I.T., Bombay, Carnegie Mellon University, U.S.A. and M.I.T., U.S.A.",58,N/A,N/A,N/A,N/A,"This MP is a minister. Ministers represent the government in debates, so we do not report their participation.� They do not sign the attendance register, ask questions, or introduce private member bills. (All data corresponds to the period 04 Jun 2009 to 22 May 2012)"
Janardan Dwivedi,Elected,28-Jan-12,In office,Delhi,,Indian National Congress,Male,Post Graduate,"M.A., M. Litt. Educated at Allahabad University and Delhi University Conferred Honorary Degree of Doctor of Letters (D.Litt.) by the Tilak Maharashtra University, Pune ",66,2,0,0,100, (All data corresponds to the period 04 Jun 2009 to 22 May 2012)
Janardhan Waghmare,Elected,03-Apr-08,In office,Maharashtra,,Nationalist Congress Party,Male,Doctorate,"M.A., LL.M., Ph. D. Educated at Osmania University, Hyderabad, Pune University, Pune and Dr. Babasaheb Ambedkar Marathwada University, Aurangabad ",77,62,3,538,81, (All data corresponds to the period 04 Jun 2009 to 22 May 2012)
Janeshwar Mishra,Elected,03-Apr-06,22-01-2010,Uttar Pradesh,,Samajwadi Party,Male,Graduate,"B.A., LL.B. Educated at Ballia and Allahabad University",78,4,0,38,98, (All data corresponds to the period 04 Jun 2009 to 22 May 2012)
Javed Akhtar,Nominated,22-Mar-10,In office,,,Independent,Male,Graduate,BA,67,1,0,0,57, (All data corresponds to the period 04 Jun 2009 to 22 May 2012)
Jaya Bachchan,Elected,03-Apr-12,In office,Uttar Pradesh,,Samajwadi Party,Female,Graduate,"S.S.C., Graduation Educated at St. Joseph's Convent School, Bhopal and Film & Television Institute of India, Pune ",64,9,0,59,44, (All data corresponds to the period 04 Jun 2009 to 22 May 2012)
Jayanthi Natarajan,Elected,03-Apr-08,In office,Tamil Nadu,,Indian National Congress,Female,Graduate,"B.A., B.L. Educated at Ethiraj College and Madras Law College ",57,18,3,198,54,"This MP was appointed a minister in July, 2011.  Ministers represent the government, so we do not report their participation.  Participation and attendance details for this MP are thus available only till 25th March, 2011. (All data corresponds to the period 04 Jun 2009 to 22 May 2012)"
Jesudasu Seelam,Elected,22-Jun-10,In office,Andhra Pradesh,,Indian National Congress,Male,Post Graduate,"B.Sc., M.Sc. (Chemistry) Educated at Andhra Christian College, Guntur and Andhra University, Waltair, Visakhapatnam ",58,27,0,117,91, (All data corresponds to the period 04 Jun 2009 to 22 May 2012)
Jharna Das Baidya,Elected,03-Apr-10,In office,Tripura,,Communist Party of India (Marxist),Female,Post Graduate,"B.A. (Hons.), M.A. (Bengali) ; Educated at Tulsi Bati Balika Vidyalaya, Agartala, M.B.B. College, Agartala and University of Calcutta",49,14,0,51,85, (All data corresponds to the period 04 Jun 2009 to 22 May 2012)
Jugul Kishore,Elected,05-Jul-10,In office,Uttar Pradesh,,Bahujan Samaj Party,Male,Inter/ Higher Secondary,"Intermediate, J.L.M.D.J. Inter College, Khairabad, Sitapur (Uttar Pradesh)",53,1,0,0,52, (All data corresponds to the period 04 Jun 2009 to 22 May 2012)
K. Kasturirangan,Nominated,27-Aug-03,08-07-2009,,,Independent,Male,Doctorate,"B. Sc. (Hons.) in Physics, M.Sc. (Physics) with specialization in Electronics, Ph.D. (Astronomy and Astrophysics) Educated at Bombay University, Mumbai and Physical Research Laboratory, Gujarat University, Ahmedabad",71,0,0,0,75, (All data corresponds to the period 04 Jun 2009 to 22 May 2012)
K. Keshava Rao,Elected,03-Apr-06,02-04-2012,Andhra Pradesh,,Indian National Congress,Male,Doctorate,"M.A., Ph.D. Educated at Badruk College, Arts College, Osmania University, Hyderabad ",72,18,0,0,72, (All data corresponds to the period 04 Jun 2009 to 22 May 2012)
K. Malaisamy,Elected,30-Jun-04,29-06-2010,Tamil Nadu,,All India Anna Dravida Munnetra Kazhagam,Male,Doctorate,"B.A., B.L., M.B.A., M.A., Ph.D. Educated at Alagappa College, Karaikudi, Madras Law College, Chennai and University of Madras, Chennai ",74,29,0,126,98, (All data corresponds to the period 04 Jun 2009 to 22 May 2012)
K. Rahman Khan,Elected,03-Apr-12,In office,Karnataka,,Indian National Congress,Male,Graduate,"Bachelor of Commerce (B.Com.), Fellow Chartered Accountant (FCA) Educated at Mysore University, Mysore ",73,N/A,N/A,N/A,N/A,"As Deputy Chairman, this MP does not not sign the attendance register, ask questions, introduce private member bills, or participate in debates. (All data corresponds to the period 04 Jun 2009 to 22 May 2012)"
K.B. Shanappa,Elected,03-Apr-06,02-04-2012,Karnataka,,Bharatiya Janata Party,Male,Post Graduate,"M.A. (Political Science) Educated at Mysore University, Mysore ",74,12,0,10,91, (All data corresponds to the period 04 Jun 2009 to 22 May 2012)
K.E. Ismail,Elected,02-Jul-06,In office,Kerala,,Communist Party of India,Male,Inter/ Higher Secondary,SSLC Educated at Kizhakkenchery (Kerala) ,72,1,0,338,32, (All data corresponds to the period 04 Jun 2009 to 22 May 2012)
K.N. Balagopal,Elected,03-Apr-10,In office,Kerala,,Communist Party of India (Marxist),Male,Professional Post Graduate,"M.Com., LL.B., LL.M. ; Educated at S.N. College, Punalur, M.G. College, Trivendrum, The Law Academy, Trivendrum, Kerala University, Thiruvanathapuram (Kerala)",48,52,0,308,83, (All data corresponds to the period 04 Jun 2009 to 22 May 2012)
K.P. Ramalingam,Elected,30-Jun-10,In office,Tamil Nadu,,Dravida Munnetra Kazhagam,Male,Graduate,"B.V.Sc. ; Educated at Madras Veterinary College, Chennai, Tamil Nadu",57,13,0,206,81, (All data corresponds to the period 04 Jun 2009 to 22 May 2012)
K.V. Ramalingam,Elected,30-Jun-10,20-05-2011,Tamil Nadu,,All India Anna Dravida Munnetra Kazhagam,Male,Graduate,"B.A.; Educated at Arulmigu Palani Andavar Art and Science College, Palani, Tamil Nadu",55,5,0,0,65, (All data corresponds to the period 04 Jun 2009 to 22 May 2012)
K.V.P. Ramachandra Rao,Elected,10-Apr-08,In office,Andhra Pradesh,,Indian National Congress,Male,Graduate,"M.B.B.S. Educated at Rangaraya Medical College, Kakinada, Andhra University, Andhra Pradesh ",63,7,0,279,81, (All data corresponds to the period 04 Jun 2009 to 22 May 2012)
Kalraj Mishra,Elected,03-Apr-06,21-03-2012,Uttar Pradesh,,Bharatiya Janata Party,Male,Post Graduate,"M.A. Educated at Kashi Vidyapith, Varanasi ",70,55,3,356,69, (All data corresponds to the period 04 Jun 2009 to 22 May 2012)
Kamal Akhtar,Elected,05-Jul-04,04-07-2010,Uttar Pradesh,,Samajwadi Party,Male,Graduate,"B.A. (Hons.) in Economics, LL.B. Educated at Jamia Milia Islamia, New Delhi ",40,7,0,225,71, (All data corresponds to the period 04 Jun 2009 to 22 May 2012)
Kanimozhi,Elected,25-Jul-07,In office,Tamil Nadu,,Dravida Munnetra Kazhagam,Female,Post Graduate,M.A. ( Economics),44,14,0,198,45, (All data corresponds to the period 04 Jun 2009 to 22 May 2012)
Kanjibhai Patel,Elected,03-Apr-06,02-04-2012,Gujarat,,Bharatiya Janata Party,Male,Graduate,"B.A. (Special) Educated at S.B.Garda College, Navsari, Gujarat ",76,6,0,258,94, (All data corresponds to the period 04 Jun 2009 to 22 May 2012)
Kanwar Deep Singh,Elected,08-Jul-10,In office,Jharkhand,,Jharkhand Mukti Morcha,Male,Graduate,"B.A.,Punjabi University, Patiala (Punjab)",50,5,0,91,85, (All data corresponds to the period 04 Jun 2009 to 22 May 2012)
Kapila Vatsyayan,Nominated,10-Apr-07,15-02-2012,,,Independent,Female,Doctorate,"M.A. (English), M.A. (Education) Ph.D. and D. Litt. (Honoris causa) Educated at University of Delhi, University of Michigan, Ann Arbor (U.S.A.) and Banaras Hindu University, Varanasi (U.P.) ",83,7,0,0,89, (All data corresponds to the period 04 Jun 2009 to 22 May 2012)
Kaptan Singh Solanki,Elected,03-Apr-12,In office,Madhya Pradesh,,Bharatiya Janata Party,Male,Post Graduate,"M.A., B.Ed. Educated at P.G.B.T. College, Ujjain and Jiwaji University, Gwalior, Madhya Pradesh ",72,18,0,298,91, (All data corresponds to the period 04 Jun 2009 to 22 May 2012)
Karan Singh,Elected,28-Jan-12,In office,Delhi,,Indian National Congress,Male,Doctorate,"M.A., Ph.D. Educated at Doon School, University of Jammu & Kashmir and University of Delhi ",81,7,0,0,87, (All data corresponds to the period 04 Jun 2009 to 22 May 2012)
Khekiho Zhimomi,Elected,03-Apr-10,In office,Nagaland,,Nagaland People's Front,Male,Graduate,"B.A. (Hons.) Political Science Educated at St. Joseph College, North Bengal University, Darjeeling ",72,10,1,60,50,"This MP has been re-elected/nominated. During his previous term, this MP was an elected representative from Nagaland; the term ended on 2nd April, 2010. (All data corresponds to the period 04 Jun 2009 to 22 May 2012)"
Kiranmay Nanda,Elected,03-Apr-12,In office,Uttar Pradesh,,Samajwadi Party,Male,Information not available,,Information not available,0,0,0,86, (All data corresponds to the period 04 Jun 2009 to 22 May 2012)
Kishore Kumar Mohanty,Elected,06-Aug-09,03-04-2012,Orissa,,Biju Janata Dal,Male,Professional Graduate,"B.Com., LL.B",54,18,0,73,82, (All data corresponds to the period 04 Jun 2009 to 22 May 2012)
Krishan Lal Balmiki,Elected,04-Apr-06,21-04-2010,Rajasthan,,Bharatiya Janata Party,Male,Inter/ Higher Secondary,"Higher Secondary Educated under Rajasthan Board of Secondary Education, Jaipur ",69,8,0,44,67, (All data corresponds to the period 04 Jun 2009 to 22 May 2012)
Kumar Deepak Das,Elected,15-Jun-07,In office,Assam,,Asom Gana Parishad,Male,Graduate,"B.Sc., LL.B. Educated at M.C. College, Barpeta, Assam and Law College, Gauhati University, Jalukbari, Guwahati, Assam ",53,92,1,266,93, (All data corresponds to the period 04 Jun 2009 to 22 May 2012)
Kunal Kumar Ghosh,Elected,03-Apr-12,In office,West Bengal,,All India Trinamool Congress,Male,Information not available,,Information not available,1,0,0,57, (All data corresponds to the period 04 Jun 2009 to 22 May 2012)
Kusum Rai,Elected,26-Nov-08,In office,Uttar Pradesh,,Bharatiya Janata Party,Female,Inter/ Higher Secondary,,43,8,0,461,74, (All data corresponds to the period 04 Jun 2009 to 22 May 2012)
Lalhming Liana,Elected,19-Jul-08,In office,Mizoram,,Mizo National Front,Male,Graduate,"B.A. Educated at Aizawl College, North Eastern Hill University, Aizawl ",56,0,0,18,95, (All data corresponds to the period 04 Jun 2009 to 22 May 2012)
Lalit Kishore Chaturvedi,Elected,05-Jul-04,04-07-2010,Rajasthan,,Bharatiya Janata Party,Male,Post Graduate,"M.Sc. (Physics), Rajasthan University, Visharad, Hindi Sahitya Sammelan, Allahabad ",80,16,0,293,86, (All data corresponds to the period 04 Jun 2009 to 22 May 2012)
M. Rajasekara Murthy,Elected,03-Apr-06,05-12-2010,Karnataka,,Janata Dal (Secular),Male,Graduate,"B.A., B.Com., LL.B. Educated at Mysore University and Lucknow University ",90,0,0,0,70, (All data corresponds to the period 04 Jun 2009 to 22 May 2012)
M. Rama Jois,Elected,26-Jun-08,In office,Karnataka,,Bharatiya Janata Party,Male,Graduate,"B.Sc., B.L. Educated at Central College and Government Law College, Bangalore, University of Mysore Conferred Honorary Doctor of Laws by Kuvempu University, Karnataka ",80,44,7,12,84, (All data corresponds to the period 04 Jun 2009 to 22 May 2012)
M. Venkaiah Naidu,Elected,01-Jul-10,In office,Karnataka,,Bharatiya Janata Party,Male,Graduate,"B.A., B.L. Educated at V.R. High School, Nellore, V.R. College, Nellore and Law College, Andhra University, Visakhapatnam ",62,46,0,23,72, (All data corresponds to the period 04 Jun 2009 to 22 May 2012)
M.A.M. Ramaswamy,Elected,01-Jul-04,30-06-2010,Karnataka,,Janata Dal (Secular),Male,Doctorate,"B.A., D. Litt. (Honoris Causa) Educated at Vivekananda College, Chennai; conferrred D. Litt. (Honoris Causa) degree by Annamalai University, Chidambaram for outstanding contribution in the field of sports in 1979, Alagappa University, Karaikudi in 1996, P",80,0,0,0,6, (All data corresponds to the period 04 Jun 2009 to 22 May 2012)
M.P. Achuthan,Elected,22-Apr-09,In office,Kerala,,Communist Party of India,Male,Graduate,"B.Com. Educated at Government College, Madappally ",63,41,0,466,81, (All data corresponds to the period 04 Jun 2009 to 22 May 2012)
M.S. Gill,Elected,10-Apr-10,In office,Punjab,,Indian National Congress,Male,Doctorate,"Senior Cambridge, B.A. (Honours), M.A., Ph.D., Diploma in Development Studies, University of Cambridge Doctor of Science (Honoris Causa) : Punjab Agriculture University, Panjab University, Haryana Agriculture University, Madras University and Guwahati Uni",75,7,0,0,100,"This MP was a Minister. He tendered his resignation on 12th July, 2011. Ministers represent the government in debates, so we do not report their participation. Participation and attendance details for this MP are thus available only from 13th July, 2011. (All data corresponds to the period 04 Jun 2009 to 22 May 2012)"
M.S. Swaminathan,Nominated,10-Apr-07,In office,,,Independent,Male,Doctorate,"B.Sc., Ph.D. Educated at Travancore University, Coimbatore Agricultural College, Madras University, School of Agriculture, University of Cambridge, U.K. Recepient of 58 Honorary Doctorate degrees from Universities around the world ",86,12,1,6,73, (All data corresponds to the period 04 Jun 2009 to 22 May 2012)
M.V. Mysura Reddy,Elected,03-Apr-06,02-04-2012,Andhra Pradesh,,Telugu Desam Party,Male,Graduate,"M.B.B.S. Educated at Government Medical College, Kurnool (Andhra Pradesh",63,68,1,494,93, (All data corresponds to the period 04 Jun 2009 to 22 May 2012)
Mabel Rebello,Elected,03-Apr-06,02-04-2012,Jharkhand,,Indian National Congress,Female,Post Graduate,"M.A., D.S.W. (Diploma in Social Work) Educated at St. Joseph's School, St. Agnes College, Roshini Nilaya, Bangalore and Bakratulla University, Bhopal ",62,26,3,249,91, (All data corresponds to the period 04 Jun 2009 to 22 May 2012)
Mahendra Mohan,Elected,03-Apr-06,02-04-2012,Uttar Pradesh,,Samajwadi Party,Male,Graduate,"B. Com. Educated at G.N.K. Inter College, B.N.S.D. Inter College and D.A.V. College, Kanpur (Uttar Pradesh)",71,44,10,370,76, (All data corresponds to the period 04 Jun 2009 to 22 May 2012)
Mahendra Prasad,Elected,03-Apr-12,In office,Bihar,,Janata Dal (United),Male,Doctorate,"Graduation with Honours in Economics, Educated at Middle School and High School, Okari and Patna College, Patna University ",72,0,0,0,82, (All data corresponds to the period 04 Jun 2009 to 22 May 2012)
Mahendra Sahni,Elected,03-Apr-06,06-11-2009,Bihar,,Janata Dal (United),Male,Inter/ Higher Secondary,"Intermediate Educated at Bihar Vidyalaya Pariksha Samiti, Patna and Bihar University, Muzaffarpur",72,2,0,0,93, (All data corresponds to the period 04 Jun 2009 to 22 May 2012)
Mahendra Singh Mahra,Elected,03-Apr-12,In office,Uttarakhand,,Indian National Congress,Male,Information not available,,Information not available,3,0,0,90, (All data corresponds to the period 04 Jun 2009 to 22 May 2012)
Mahmood A. Madani,Elected,03-Apr-06,02-04-2012,Uttar Pradesh,,Rashtriya Lok Dal,Male,Graduate,"Fazil (Graduate) Educated at Darul Uloom, Deoband, Distt. Saharanpur (Uttar Pradesh) ",48,3,0,43,40, (All data corresponds to the period 04 Jun 2009 to 22 May 2012)
Mangala Kisan,Elected,03-Apr-08,In office,Orissa,,Biju Janata Dal,Male,Graduate,"B.A. Educated at Bargaon High School, Bargoan, Distt. Sundargarh, B.J.B. College, Bhubaneswar, Utkal University and Sambalpur University ",64,42,0,194,91, (All data corresponds to the period 04 Jun 2009 to 22 May 2012)
Mani Shankar Aiyar,Nominated,22-Mar-10,In office,,,Indian National Congress,Male,Post Graduate,"B.A.(Eco), M.A. (Eco) ; Educated at Doon School, Dehradun, St. Stephens' College, Delhi Univ., Trinity Hall, Cambridge University, U.K. D.Sc. (Honoris Causa) by ISM, Dhanbad, Hon. Fellow, Trinity Hall, Cambridge University, U.K., 2010",71,13,0,94,72, (All data corresponds to the period 04 Jun 2009 to 22 May 2012)
Manmohan Singh,Elected,15-Jun-07,In office,Assam,,Indian National Congress,Male,Doctorate,"M.A. (Economics), Panjab University, Chandigarh, First Class with first position in the University, Economics Tripos (First Class Honours), University of Cambridge, U.K., D.Phil, Nuffield College, University of Oxford, U.K. ",79,N/A,N/A,N/A,N/A,"This MP is a minister. Ministers represent the government in debates, so we do not report their participation.� They do not sign the attendance register, ask questions, or introduce private member bills. (All data corresponds to the period 04 Jun 2009 to 22 May 2012)"
Manohar Joshi,Elected,03-Apr-06,02-04-2012,Maharashtra,,Shiv Sena,Male,Post Graduate,"B.A., M.A., LL.B. Educated at University of Mumbai ",74,25,0,144,64, (All data corresponds to the period 04 Jun 2009 to 22 May 2012)
Mansukh L. Mandaviya,Elected,03-Apr-12,In office,Gujarat,,Bharatiya Janata Party,Male,Information not available,,Information not available,1,0,0,76, (All data corresponds to the period 04 Jun 2009 to 22 May 2012)
Matilal Sarkar,Elected,03-Apr-04,02-04-2010,Tripura,,Communist Party of India (Marxist),Male,Post Graduate,"B.Sc., M.Sc., B.T., Special Training in Biology Educated at Bardowali High School, Agartala, M.B.B. College, Agartala, University of Saugar, Madhya Pradesh, B.T. (S.T.T.) College, Calcutta University, Agartala and Presidency College, Kolkata ",70,17,3,37,81, (All data corresponds to the period 04 Jun 2009 to 22 May 2012)
Maya Singh,Elected,10-Apr-08,In office,Madhya Pradesh,,Bharatiya Janata Party,Female,Post Graduate,"B.A., M.A. (Political Science) Educated at Jiwaji University, Gwalior (Madhya Pradesh) ",61,73,0,388,93, (All data corresponds to the period 04 Jun 2009 to 22 May 2012)
Mayawati,Elected,03-Apr-12,In office,Uttar Pradesh,,Bahujan Samaj Party,Female,Information not available,,56,4,0,0,52, (All data corresponds to the period 04 Jun 2009 to 22 May 2012)
Md. Nadimul Haque,Elected,03-Apr-12,In office,West Bengal,,All India Trinamool Congress,Male,Information not available,,Information not available,0,0,0,86, (All data corresponds to the period 04 Jun 2009 to 22 May 2012)
Meghraj Jain,Elected,06-May-11,02-04-2012,Madhya Pradesh,,Bharatiya Janata Party,Male,Others,,62,1,0,46,71, (All data corresponds to the period 04 Jun 2009 to 22 May 2012)
Mohammad Shafi,Elected,16-Feb-09,In office,Jammu and Kashmir,,Jammu and Kashmir National Conference,Male,Graduate,"B.A., LL. B. Educated at University of Kashmir, Srinagar ",68,11,0,0,80, (All data corresponds to the period 04 Jun 2009 to 22 May 2012)
Mohammed Adeeb,Elected,26-Nov-08,In office,Uttar Pradesh,,Independent,Male,Post Graduate,"M.Sc. Educated at Aligarh Muslim University, Aligarh (Uttar Pradesh) ",66,42,0,433,96, (All data corresponds to the period 04 Jun 2009 to 22 May 2012)
Mohammed Amin,Elected,17-May-07,18-08-2011,West Bengal,,Communist Party of India (Marxist),Male,Others,No formal education,84,15,0,55,91, (All data corresponds to the period 04 Jun 2009 to 22 May 2012)
Mohan Singh,Elected,05-Jul-10,In office,Uttar Pradesh,,Samajwadi Party,Male,Graduate,"M.A. ; Educated at Shri Krishna Inter College, Barahaj, Deoria and Allahabad University, Allahabad, Uttar Pradesh",67,15,7,184,94, (All data corresponds to the period 04 Jun 2009 to 22 May 2012)
Mohd. Ali Khan,Elected,10-Apr-08,In office,Andhra Pradesh,,Indian National Congress,Male,Under Matric,,64,24,0,607,98, (All data corresponds to the period 04 Jun 2009 to 22 May 2012)
Mohsina Kidwai,Elected,30-Jun-10,In office,Chhattisgarh,,Indian National Congress,Female,Inter/ Higher Secondary,"Intermediate Educated at Women's College, Aligarh Muslim University, Aligarh ",80,6,0,199,91, (All data corresponds to the period 04 Jun 2009 to 22 May 2012)
Moinul Hassan,Elected,03-Apr-06,02-04-2012,West Bengal,,Communist Party of India (Marxist),Male,Graduate,"B. Sc. Educated at University of Calcutta, (West Bengal) ",54,73,0,334,80, (All data corresponds to the period 04 Jun 2009 to 22 May 2012)
Motilal Vora,Elected,10-Apr-08,In office,Chhattisgarh,,Indian National Congress,Male,Inter/ Higher Secondary,"High School Educated at Raipur, Chhattisgarh ",83,18,0,501,98, (All data corresponds to the period 04 Jun 2009 to 22 May 2012)
Mukhtar Abbas Naqvi,Elected,05-Jul-10,In office,Uttar Pradesh,,Bharatiya Janata Party,Male,Graduate,"B.A., LL.B. Educated at Allahabad University, Allahabad",54,12,0,3,90, (All data corresponds to the period 04 Jun 2009 to 22 May 2012)
Mukul Roy,Elected,03-Apr-12,In office,West Bengal,,All India Trinamool Congress,Male,Graduate,"Higher Secondary, B. Sc. (Part I) Educated at Harneet High School, Kanchrapara, North 24 Parganas and Calcutta University, Kolkata (West Bengal) ",58,N/A,N/A,N/A,N/A,"This MP is a minister. Ministers represent the government in debates, so we do not report their participation.� They do not sign the attendance register, ask questions, or introduce private member bills. (All data corresponds to the period 04 Jun 2009 to 22 May 2012)"
Mukut Mithi,Elected,27-May-08,In office,Arunachal Pradesh,,Indian National Congress,Male,Graduate,"B.Sc. Educated at J.N. College, Pasighat ",60,4,0,2,88, (All data corresponds to the period 04 Jun 2009 to 22 May 2012)
Munabbar Saleem,Elected,03-Apr-12,In office,Uttar Pradesh,,Samajwadi Party,Male,Information not available,,Information not available,2,0,0,100, (All data corresponds to the period 04 Jun 2009 to 22 May 2012)
Munquad Ali,Elected,03-Apr-12,In office,Uttar Pradesh,,Bahujan Samaj Party,Male,Graduate,"B.A. Educated at Meerut University, Meerut ",50,0,0,0,41, (All data corresponds to the period 04 Jun 2009 to 22 May 2012)
Murli Deora,Elected,03-Apr-08,In office,Maharashtra,,Indian National Congress,Male,Graduate,B.A.,75,0,0,0,71,"This MP was a Minister. He tendered his resignation on 12th July, 2011. Ministers represent the government in debates, so we do not report their participation. Participation and attendance details for this MP are thus available only from 13th July, 2011. (All data corresponds to the period 04 Jun 2009 to 22 May 2012)"
N. Balaganga,Elected,03-Apr-08,In office,Tamil Nadu,,All India Anna Dravida Munnetra Kazhagam,Male,Graduate,"B.A. Educated at Madras University, Chennai",61,31,0,336,71, (All data corresponds to the period 04 Jun 2009 to 22 May 2012)
N. Janardhana Reddy,Elected,01-Apr-09,In office,Andhra Pradesh,,Indian National Congress,Male,Professional Graduate,"B.A., B.Ed., Trained in Basic Education (a Gandhian Concept) ; Educated at V.R. College, Government College of Education, Nellore and Government College of Basic Education, Pentapadu, West Godavari District (Andhra Pradesh)",77,5,0,7,74, (All data corresponds to the period 04 Jun 2009 to 22 May 2012)
N. K. Singh,Elected,10-Apr-08,In office,Bihar,,Janata Dal (United),Male,Post Graduate,"M.A. (Economics) Educated at St. Stephen's College, University of Delhi and Delhi School of Economics, Delhi ",71,81,1,732,84, (All data corresponds to the period 04 Jun 2009 to 22 May 2012)
N.R. Govindarajar,Elected,30-Jun-04,29-06-2010,Tamil Nadu,,All India Anna Dravida Munnetra Kazhagam,Male,Post Graduate,"M.A. Educated at Annamalai University, Annamalai Nagar (Tamil Nadu) ",57,14,0,162,65, (All data corresponds to the period 04 Jun 2009 to 22 May 2012)
Najma A. Heptulla,Elected,03-Apr-12,In office,Rajasthan,,Bharatiya Janata Party,Female,Doctorate,"M.Sc.(Zoology), Ph.D. (Cardiac Anatomy) Educated at Motilal Nehru Vigyan Mahavidyalaya",72,42,0,77,95, (All data corresponds to the period 04 Jun 2009 to 22 May 2012)
Nand Kishore Yadav,Elected,05-Jul-04,04-07-2010,Uttar Pradesh,,Samajwadi Party,Male,Post Graduate,"M.A. (Political Science), LL.B. Educated at Gorakhpur University, Gorakhpur and Shibli National College, Azamgarh (Uttar Pradesh) ",53,13,0,204,88, (All data corresponds to the period 04 Jun 2009 to 22 May 2012)
Nand Kumar Sai,Elected,04-Aug-09,In office,Chhattisgarh,,Bharatiya Janata Party,Male,Post Graduate,"M.A.(Political Science) ; Educated at N.E.S. College (formerly Ravishankar University), Jashpur Nagar, Distt. Raigarh (Madhya Pradesh)",66,20,0,467,78, (All data corresponds to the period 04 Jun 2009 to 22 May 2012)
Nandamuri Harikrishna,Elected,10-Apr-08,In office,Andhra Pradesh,,Telugu Desam Party,Male,Inter/ Higher Secondary,"S.Sc. Educated at Senior Secondary School, Chennai ",55,1,0,126,71, (All data corresponds to the period 04 Jun 2009 to 22 May 2012)
Nandi Yellaiah,Elected,10-Apr-08,In office,Andhra Pradesh,,Indian National Congress,Male,Matric,,69,14,0,272,78, (All data corresponds to the period 04 Jun 2009 to 22 May 2012)
Narayan Singh Kesari,Elected,03-Apr-06,02-04-2012,Madhya Pradesh,,Bharatiya Janata Party,Male,Graduate,Hindi Visharad Educated at Indore ,86,1,0,7,95, (All data corresponds to the period 04 Jun 2009 to 22 May 2012)
Narayan Singh Manaklao,Nominated,27-Aug-03,26-08-2009,,,Bharatiya Janata Party,Male,Doctorate,"M.A. (Hindi Literature), Ph.D. (Hindi Literature) Educated at Jai Narayan Vyas University, Jodhpur",69,1,0,0,87, (All data corresponds to the period 04 Jun 2009 to 22 May 2012)
Narendra Budania,Elected,03-Apr-12,In office,Rajasthan,,Indian National Congress,Male,Professional Graduate,"B.Sc., LL.B. ; Educated at Lohia P.G. College, Churu and University of Rajasthan, Jaipur (Rajasthan)",55,12,0,23,97, (All data corresponds to the period 04 Jun 2009 to 22 May 2012)
Narendra Kumar Kashyap,Elected,05-Jul-10,In office,Uttar Pradesh,,Bahujan Samaj Party,Male,Professional Graduate,"B.A., LL.B. ; Educated at K.V. Degree College, Meerut University, Uttar Pradesh and M.M.H. College, Ghaziabad, Uttar Pradesh",49,52,5,119,82, (All data corresponds to the period 04 Jun 2009 to 22 May 2012)
Naresh Chandra Agrawal,Elected,03-Apr-12,In office,Uttar Pradesh,,Bahujan Samaj Party,Male,Professional Graduate,"B.Sc., LL.B. ; Educated at Lucknow University, Lucknow",60,30,0,114,69, (All data corresponds to the period 04 Jun 2009 to 22 May 2012)
Naresh Gujral,Elected,22-Mar-07,In office,Punjab,,Shiromani Akali Dal,Male,Graduate,"B.A., F.C.A. Educated at St. Stephen's College, University of Delhi and Institute of Chartered Accountants of India, Delhi ",64,34,0,117,95, (All data corresponds to the period 04 Jun 2009 to 22 May 2012)
Natuji Halaji Thakor,Elected,10-Apr-08,In office,Gujarat,,Bharatiya Janata Party,Male,Inter/ Higher Secondary,"SSC Educated at Mudarada, Distt. Mehsana (Gujarat) ",51,19,0,351,74, (All data corresponds to the period 04 Jun 2009 to 22 May 2012)
Naznin Faruque,Elected,03-Apr-10,In office,Assam,,Indian National Congress,Female,Graduate,"B.A.(Hons.) ; Educated at Lady Kene College, North Eastern Hill University, Shillong, Meghalaya",57,0,0,147,89, (All data corresponds to the period 04 Jun 2009 to 22 May 2012)
O.T. Lepcha,Elected,24-Feb-06,23-02-2012,Sikkim,,Sikkim Democratic Front,Male,Under Graduate,,42,16,2,155,77, (All data corresponds to the period 04 Jun 2009 to 22 May 2012)
Om Prakash Mathur,Elected,10-Apr-08,In office,Rajasthan,,Bharatiya Janata Party,Male,Graduate,"B.A. Educated at Rajasthan University, Jaipur ",59,10,0,202,80, (All data corresponds to the period 04 Jun 2009 to 22 May 2012)
Oscar Fernandes,Elected,01-Jul-10,In office,Karnataka,,Indian National Congress,Male,Graduate,"Intermediate, B.A.II Educated at Cecilia's Convent, Board High School and M.G.M.College, Udupi ",71,0,0,0,84, (All data corresponds to the period 04 Jun 2009 to 22 May 2012)
P. Kannan,Elected,07-Oct-09,In office,Puducherry,,Indian National Congress,Male,Inter/ Higher Secondary,"P.U.C. (Intermediate) ; Educated at Tagore Arts College, Puducherry",62,6,0,1,47, (All data corresponds to the period 04 Jun 2009 to 22 May 2012)
P. Rajeeve,Elected,22-Apr-09,In office,Kerala,,Communist Party of India (Marxist),Male,Graduate,"B.A., LL.B., Diploma in Chemical Engineering Educated at St. Pauls College, Kalamassery, Govt. Law College, Ernakulum and Govt. Polytechnic, Kalamassery ",44,80,3,507,83, (All data corresponds to the period 04 Jun 2009 to 22 May 2012)
P.J. Kurien,Elected,02-Jul-06,In office,Kerala,,Indian National Congress,Male,Post Graduate,"M. Sc. Educated at St. Thomas College, Kozencherry (Kerala) and Government Science College, Rewa (Madhya Pradesh) ",71,34,2,150,95, (All data corresponds to the period 04 Jun 2009 to 22 May 2012)
P.R. Rajan,Elected,02-Jul-06,In office,Kerala,,Communist Party of India (Marxist),Male,Graduate,"B.Sc. Educated at Government Victoria College, Palakkad (Kerala) ",76,9,0,72,32, (All data corresponds to the period 04 Jun 2009 to 22 May 2012)
Palvai Govardhan Reddy,Elected,03-Apr-12,In office,Andhra Pradesh,,Indian National Congress,Male,Information not available,,Information not available,1,0,12,90, (All data corresponds to the period 04 Jun 2009 to 22 May 2012)
Pankaj Bora,Elected,16-Dec-11,In office,Assam,,Indian National Congress,Male,Information not available,,52,3,0,38,100, (All data corresponds to the period 04 Jun 2009 to 22 May 2012)
Parimal Nathwani,Elected,10-Apr-08,In office,Jharkhand,,Independent,Male,Post Graduate,"Professional doctorate in management Educated at National Institute of Management, Ahmedabad ",56,9,0,427,43, (All data corresponds to the period 04 Jun 2009 to 22 May 2012)
Parshottam Khodabhai Rupala,Elected,10-Apr-08,In office,Gujarat,,Bharatiya Janata Party,Male,Graduate,"B.Sc., B.Ed. Educated at Saurashtra University and Gujarat University ",57,22,2,329,78, (All data corresponds to the period 04 Jun 2009 to 22 May 2012)
Parvez Hashmi,Elected,28-Jan-12,In office,Delhi,,Indian National Congress,Male,Post Graduate,"M. Sc. (Chemistry) ; Educated at Aligarh Muslim University, Aligarh",57,3,0,140,90, (All data corresponds to the period 04 Jun 2009 to 22 May 2012)
Paul Manoj Pandian,Elected,30-Jun-10,In office,Tamil Nadu,,All India Anna Dravida Munnetra Kazhagam,Male,Professional Post Graduate,"B.L., M.L. ; Educated at Dr. Ambedkar Law College, Chennai and Madras University, Chennai",40,12,0,18,49, (All data corresponds to the period 04 Jun 2009 to 22 May 2012)
Penumalli Madhu,Elected,22-Jun-04,21-06-2010,Andhra Pradesh,,Communist Party of India (Marxist),Male,Under Graduate,,63,8,0,165,86, (All data corresponds to the period 04 Jun 2009 to 22 May 2012)
Phaggan Singh Kulaste,Elected,03-Apr-12,In office,Madhya Pradesh,,Bharatiya Janata Party,Male,Information not available,,Information not available,0,0,13,90, (All data corresponds to the period 04 Jun 2009 to 22 May 2012)
Piyush Vedprakash Goyal,Elected,05-Jul-10,In office,Maharashtra,,Bharatiya Janata Party,Male,Professional Graduate,"B.Com., LL.B., F.C.A. ; Educated at Don Bosco High School, Mumbai, Jai Hind College, Mumbai, H.R. College of Commerce and Economics, Mumbai, Government Law College, Mumbai and Institute of Chartered Accountants of India, New Delhi",47,15,0,150,74, (All data corresponds to the period 04 Jun 2009 to 22 May 2012)
Prabha Thakur,Elected,10-Apr-08,In office,Rajasthan,,Indian National Congress,Female,Doctorate,"B.A., M.A., Ph.D. Educated at Udaipur University, Udaipur (Rajasthan) ",62,41,0,236,80, (All data corresponds to the period 04 Jun 2009 to 22 May 2012)
Prabhakar Kore,Elected,26-Jun-08,In office,Karnataka,,Bharatiya Janata Party,Male,Doctorate,"B.Com. Educated at Gogte College of Commerce, Belgaum ",64,3,0,49,56, (All data corresponds to the period 04 Jun 2009 to 22 May 2012)
Prabhat Jha,Elected,10-Apr-08,In office,Madhya Pradesh,,Bharatiya Janata Party,Male,Post Graduate,"B. Sc., M.A. (Political Science), LL. B., Educated at PGV College, Gwalior and Madhav College, and MLB College, Gwalior ",54,53,9,779,65, (All data corresponds to the period 04 Jun 2009 to 22 May 2012)
Pradeep Kumar Balmuchu,Elected,04-May-12,In office,Jharkhand,,Indian National Congress,Male,Post Graduate,M.Com; Studied at Co-operative college Jamshedpur,54,1,0,0,100, (All data corresponds to the period 04 Jun 2009 to 22 May 2012)
Pradip Bhattacharya,Elected,18-Aug-11,In office,West Bengal,,Indian National Congress,Male,Information not available,information not available,Information not available,7,0,40,80, (All data corresponds to the period 04 Jun 2009 to 22 May 2012)
Prakash Javadekar,Elected,03-Apr-08,In office,Maharashtra,,Bharatiya Janata Party,Male,Graduate,"B. Com. Educated at University of Pune, Pune ",61,84,7,464,91, (All data corresponds to the period 04 Jun 2009 to 22 May 2012)
Pramod Kureel,Elected,09-Jul-10,02-04-2012,Uttar Pradesh,,Bahujan Samaj Party,Male,Post Graduate,"B. Arch. (Bachelor of Architechture), M. Arch. (Master of Architechture) Educated at School of Planning and Architechture, New Delhi",45,15,0,15,66, (All data corresponds to the period 04 Jun 2009 to 22 May 2012)
Prasanta Chatterjee,Elected,03-Apr-08,In office,West Bengal,,Communist Party of India (Marxist),Male,Graduate,"Matriculation, Educated at Narikeldanga High School, Kolkata and City College, Kolkata",72,60,0,120,75, (All data corresponds to the period 04 Jun 2009 to 22 May 2012)
Praveen Rashtrapal,Elected,03-Apr-12,In office,Gujarat,,Indian National Congress,Male,Graduate,"B.A., LL.B. Educated at Siddharth College, Mumbai",72,27,0,202,83, (All data corresponds to the period 04 Jun 2009 to 22 May 2012)
Pravinchandra Rughnathji Naik,Elected,19-Feb-10,In office,Gujarat,,Bharatiya Janata Party,Male,Diploma Course,Electrical and Mechancial Engineering,75,0,0,8,82, (All data corresponds to the period 04 Jun 2009 to 22 May 2012)
Prem Chand Gupta,Elected,10-Apr-08,In office,Bihar,,Rashtriya Janata Dal,Male,Graduate,"Graduate (Economics) Educated at Vaish College, Bhiwani, D.N.College, Hissar and Faculty of Law, Delhi University ",62,2,0,0,94, (All data corresponds to the period 04 Jun 2009 to 22 May 2012)
Prithviraj Chavan,Elected,03-Apr-08,06-05-2011,Maharashtra,,Indian National Congress,Male,Post Graduate,"B.E.(Hons), M.S. Educated at B.I.T.S., Pilani, Rajasthan and University of California, Berkeley, U.S.A. ",66,N/A,N/A,N/A,N/A,"This MP was a Minister. He tendered his resignation on 10th November, 2010. Ministers represent the government in debates, so we do not report their participation. (All data corresponds to the period 04 Jun 2009 to 22 May 2012)"
Pyarelal Khandelwal,Elected,30-Jun-04,06-10-2009,Madhya Pradesh,,Bharatiya Janata Party,Male,Inter/ Higher Secondary,"Intermediate Educated at Madhyamik Shiksha Parishad, Indore",83,0,0,17,93, (All data corresponds to the period 04 Jun 2009 to 22 May 2012)
Pyarimohan Mohapatra,Elected,02-Jul-10,In office,Orissa,,Biju Janata Dal,Male,Post Graduate,"B.A. (Hons.) in Economics, M.A. in Political Science, Diploma in Development Administration Educated at Ravenshaw College, Cuttack, Allahabad University, Allahabad and London School of Economics, London ",72,41,0,108,58, (All data corresponds to the period 04 Jun 2009 to 22 May 2012)
R.C. Singh,Elected,25-Jun-08,02-04-2012,West Bengal,,Communist Party of India,Male,Inter/ Higher Secondary,"Higher Secondary, Certificate in Mining Educated at D.A.V. School, Mau, Janta Degree College, Ranipur, Mau, Uttar Pradesh and Indian School of Mines, Dhanbad ",67,92,3,601,96, (All data corresponds to the period 04 Jun 2009 to 22 May 2012)
R.K. Dhawan,Elected,08-Jul-04,07-07-2010,Bihar,,Indian National Congress,Male,Graduate,"Graduate, Educated at Panjab University, Chandigarh ",74,0,0,0,84, (All data corresponds to the period 04 Jun 2009 to 22 May 2012)
Raashid Alvi,Elected,03-Apr-06,02-04-2012,Andhra Pradesh,,Indian National Congress,Male,Graduate,"B.Sc., LL.B. Educated at K.G.K. College, Moradabad (Uttar Pradesh) ",56,13,0,59,98, (All data corresponds to the period 04 Jun 2009 to 22 May 2012)
Rabinarayan Mohapatra,Elected,04-Apr-12,In office,Orissa,,Biju Janata Dal,Male,Information not available,,Information not available,3,0,3,95, (All data corresponds to the period 04 Jun 2009 to 22 May 2012)
Radhakant Nayak,Elected,02-Jul-04,01-07-2010,Orissa,,Indian National Congress,Male,Doctorate,"B.A., M.A., Ph.D. Educated at Q.M. School, Berhampur, Khallikote College, Berhampur, Ravenshaw College, Cuttack and Utkal University, Bhubaneswar Conferred of Honorary Doctorate (Honoris Causa) by New England College (University), Henniker, New Hampshire,",73,4,0,0,82, (All data corresponds to the period 04 Jun 2009 to 22 May 2012)
Raghunandan Sharma,Elected,10-Apr-08,In office,Madhya Pradesh,,Bharatiya Janata Party,Male,Post Graduate,"M.A. (Political Science) Educated at Vikram University, Ujjain ",66,18,0,283,88, (All data corresponds to the period 04 Jun 2009 to 22 May 2012)
Rahul Bajaj,Elected,20-Jun-06,04-07-2010,Maharashtra,,Independent,Male,Post Graduate,"B.A.(Hons.), LL.B., M.B.A. Educated at Delhi University, Bombay University and Harvard University (U.S.A.) ",73,17,0,57,88, (All data corresponds to the period 04 Jun 2009 to 22 May 2012)
Raj Mohinder Singh Majitha,Elected,05-Jul-04,04-07-2010,Punjab,,Shiromani Akali Dal,Male,Graduate,"B.A. Educated at Khalsa College, Amritsar (Punjab) B.A. Educated at Khalsa College, Amritsar (Punjab) ",72,4,0,259,48, (All data corresponds to the period 04 Jun 2009 to 22 May 2012)
Rajaram,Elected,26-Nov-08,In office,Uttar Pradesh,,Bahujan Samaj Party,Male,Post Graduate,"Post Graduate Educated at Kashi Vidyapeeth, Varanasi ",43,0,0,0,80, (All data corresponds to the period 04 Jun 2009 to 22 May 2012)
Rajeev Chandrasekhar,Elected,03-Apr-12,In office,Karnataka,,Independent,Male,Post Graduate,"B.E. (Electrical Engg.), Masters in Computer Science, Advanced Management Programme Educated at Manipal Institute of Technology, Manipal (Karnataka), Illinois Institute of Technology, Chicago and Harvard University, Boston (U.S.A.) ",47,26,8,477,66, (All data corresponds to the period 04 Jun 2009 to 22 May 2012)
Rajeev Shukla,Elected,03-Apr-12,In office,Maharashtra,,Indian National Congress,Male,Post Graduate,"M.A., LL.B. Educated at P.P.N. College, Kanpur University, Christ Church College, Kanpur University and V.S.S.D. College of Law, Kanpur University",52,37,0,156,94,"This MP was appointed a minister in July, 2011.  Ministers represent the government, so we do not report their participation.  Participation and attendance details for this MP are thus available only till 25th March, 2011. (All data corresponds to the period 04 Jun 2009 to 22 May 2012)"
Rajiv Pratap Rudy,Elected,04-Jul-08,In office,Bihar,,Bharatiya Janata Party,Male,Post Graduate,"B.A. (Hons.) (Eco.), M.A. (Eco.), LL.B., Commercial Pilot Licence Educated at St. Michaels High School, Patna (Bihar), Government College and Panjab University, Chandigarh ",50,33,0,292,90, (All data corresponds to the period 04 Jun 2009 to 22 May 2012)
Rajkumar Dhoot,Elected,03-Apr-08,In office,Maharashtra,,Shiv Sena,Male,Graduate,"B.Com.(Hons.) Educated at S.B. College, Aurangabad (Maharashtra) ",56,5,0,530,47, (All data corresponds to the period 04 Jun 2009 to 22 May 2012)
Rajniti Prasad,Elected,03-Apr-06,02-04-2012,Bihar,,Rashtriya Janata Dal,Male,Graduate,"B.A., LL.B. Educated at RD&DJ College, Munger, Bhagalpur University, Bihar and Patna Law College, Patna University, Bihar",65,101,0,141,83, (All data corresponds to the period 04 Jun 2009 to 22 May 2012)
Rajpal Singh Saini,Elected,05-Jul-10,In office,Uttar Pradesh,,Bahujan Samaj Party,Male,Graduate,"Graduate ; Educated at D.A.V. Inter College Budhana, Muzaffarnagar, Shri Chandan Lal National Inter College, Kandhla and S.D. Degree College, Muzaffarnagar, Uttar Pradesh",59,0,0,0,97, (All data corresponds to the period 04 Jun 2009 to 22 May 2012)
Ram Dayal Munda,Nominated,22-Mar-10,30-09-2011,,,Independent,Male,Doctorate,"M.A., Ph.D., Educated at Ranchi University, Ranchi and University of Chicago, U.S.A.",72,0,0,0,62, (All data corresponds to the period 04 Jun 2009 to 22 May 2012)
Ram Gopal Yadav,Elected,26-Nov-08,In office,Uttar Pradesh,,Samajwadi Party,Male,Doctorate,"M. Sc. (Physics), M.A. (Political Science), Ph. D., Educated at Agra University, Agra and Kanpur University, Kanpur ",65,43,0,0,78, (All data corresponds to the period 04 Jun 2009 to 22 May 2012)
Ram Jethmalani,Elected,05-Jul-10,In office,Rajasthan,,Bharatiya Janata Party,Male,Graduate,"LL.M. Educated at S.C. Shahani Law College, Karachi",88,8,0,372,48,"This MP has been re-elected/nominated. During his previous term, this MP was a nominated representative; the term ended on 26th August, 2009. (All data corresponds to the period 04 Jun 2009 to 22 May 2012)"
Ram Kripal Yadav,Elected,08-Jul-10,In office,Bihar,,Rashtriya Janata Dal,Male,Professional Graduate,"B.A.(Hons.), LL.B. ; Educated at Magadh University, Patna (Bihar)",54,66,0,157,77, (All data corresponds to the period 04 Jun 2009 to 22 May 2012)
Ram Narayan Sahu,Elected,05-Jul-04,04-07-2010,Uttar Pradesh,,Samajwadi Party,Male,Under Matric,"Under Martric, Educated at Vishnu Narayan Inter College, Lucknow ",73,14,0,0,76, (All data corresponds to the period 04 Jun 2009 to 22 May 2012)
Ram Prakash,Elected,10-Apr-08,In office,Haryana,,Indian National Congress,Male,Doctorate,"M.Sc.(Hons.), Ph.D. in Chemistry, UNESCO Course in Analytical Chemistry, D.Sc. (Honoris causa) Educated at D.A.V. College, Ambala City, Panjab University, Chandigarh, Charles University, Prague (Praha) and Heyrovsky Institute of Polarography, Prague (Prah",72,32,0,133,96, (All data corresponds to the period 04 Jun 2009 to 22 May 2012)
Ram Vilas Paswan,Elected,08-Jul-10,In office,Bihar,,Lok Janasakti Party,Male,Professional Graduate,"M.A., LL.B., D.Litt (Honoris Causa) conferred by Bundelkhand University, Jhansi (Madhya Pradesh) ; Educated at Kosi College, Khagaria and Patna University, Patna (Bihar)",65,35,0,96,81, (All data corresponds to the period 04 Jun 2009 to 22 May 2012)
Rama Chandra Khuntia,Elected,03-Apr-08,In office,Orissa,,Indian National Congress,Male,Post Graduate,"Graduate in Law, M.B.A. Educated at Utkal University and Sikkim Manipal University ",59,69,0,528,82, (All data corresponds to the period 04 Jun 2009 to 22 May 2012)
Ramchandra Prasad Singh,Elected,08-Jul-10,In office,Bihar,,Janata Dal (United),Male,Post Graduate,"B.A. (Hons.) in History, M.A. (International Relations) ; Educated at High School, Hussainpur, Nalanda, Science College, Patna University, Patna College, Patna University, Patna and Jawaharlal Nehru University, New Delhi",53,3,0,271,64, (All data corresponds to the period 04 Jun 2009 to 22 May 2012)
Ramdas Agarwal,Elected,04-Apr-06,03-04-2012,Rajasthan,,Bharatiya Janata Party,Male,Inter/ Higher Secondary,"Intermediate, Hindi Visharad Educated at Jaipur Maharaja College, Jaipur ",75,24,0,410,64, (All data corresponds to the period 04 Jun 2009 to 22 May 2012)
Ranbir Singh Parjapati,Elected,02-Aug-10,In office,Haryana,,Indian National Lok Dal,Male,Inter/ Higher Secondary,"Intermediate Educated at Arya School, Hisar and Board of Secondary Education, Bhopal",48,5,0,10,69, (All data corresponds to the period 04 Jun 2009 to 22 May 2012)
Rangasayee Ramakrishna,Elected,03-Apr-12,In office,Karnataka,,Bharatiya Janata Party,Male,Information not available,,Information not available,3,0,0,100, (All data corresponds to the period 04 Jun 2009 to 22 May 2012)
Ranjitsinh Vijaysinh Mohite-Patil,Elected,04-Aug-09,02-04-2012,Maharashtra,,Nationalist Congress Party,Male,Graduate,,40,17,0,210,78, (All data corresponds to the period 04 Jun 2009 to 22 May 2012)
Rashid Masood,Elected,03-Apr-12,In office,Uttar Pradesh,,Indian National Congress,Male,Professional Post Graduate,"B.Sc., LL.M. Educated at Aligarh Muslim University, Aligarh (Uttar Pradesh)",64,0,0,90,66, (All data corresponds to the period 04 Jun 2009 to 22 May 2012)
Ravi Shankar Prasad,Elected,03-Apr-12,In office,Bihar,,Bharatiya Janata Party,Male,Post Graduate,"B.A.Hons., M.A. (Pol.Science), LL.B. Educated at Patna University ",57,38,0,599,71, (All data corresponds to the period 04 Jun 2009 to 22 May 2012)
Rekha,Nominated,27-Apr-12,In office,,,Independent,Female,Others,,57,0,0,0,17, (All data corresponds to the period 04 Jun 2009 to 22 May 2012)
Renubala Pradhan,Elected,03-Apr-08,In office,Orissa,,Biju Janata Dal,Female,Matric,"Matric, Educated at Mahatma Gandhi High School, Sheragada, Distt. Ganjam, Orissa ",48,4,0,124,62, (All data corresponds to the period 04 Jun 2009 to 22 May 2012)
Renuka Chowdhury,Elected,03-Apr-12,In office,Andhra Pradesh,,Indian National Congress,Female,Information not available,,Information not available,1,0,0,95, (All data corresponds to the period 04 Jun 2009 to 22 May 2012)
Rishang Keishing,Elected,10-Apr-08,In office,Manipur,,Indian National Congress,Male,Graduate,"B.A. Educated at St. Paul's Cathedral College, Kolkata ",91,1,0,0,84, (All data corresponds to the period 04 Jun 2009 to 22 May 2012)
Rudra Narayan Pany,Elected,04-Apr-06,03-04-2012,Orissa,,Bharatiya Janata Party,Male,Graduate,B.A. (Hons.) with distinction Educated at Utkal University (Orissa) ,53,107,0,403,84, (All data corresponds to the period 04 Jun 2009 to 22 May 2012)
S. Anbalagan,Elected,30-Jun-04,29-06-2010,Tamil Nadu,,All India Anna Dravida Munnetra Kazhagam,Male,Post Graduate,"M.A.(History) Educated at Madurai Kamaraj University, Madurai",62,8,0,77,76, (All data corresponds to the period 04 Jun 2009 to 22 May 2012)
S. Thangavelu,Elected,30-Jun-10,In office,Tamil Nadu,,Dravida Munnetra Kazhagam,Male,Graduate,"B.Sc. (Agriculture) ; Educated at Agriculture College, Madurai, Tamil Nadu Agriculture University, Tamil Nadu",58,15,0,159,78, (All data corresponds to the period 04 Jun 2009 to 22 May 2012)
S.M. Krishna,Elected,26-Jun-08,In office,Karnataka,,Indian National Congress,Male,Post Graduate,"B.A., B.L., M.C.L. (U.S.A.) Educated at Maharaja's College, Mysore, Government Law College, Bangalore, Southern Methodist University, Dallas-Texas (U.S.A.) ",80,N/A,N/A,N/A,N/A,"This MP is a minister. Ministers represent the government in debates, so we do not report their participation.� They do not sign the attendance register, ask questions, or introduce private member bills. (All data corresponds to the period 04 Jun 2009 to 22 May 2012)"
S.P. Singh Baghel,Elected,05-Jul-10,In office,Uttar Pradesh,,Bahujan Samaj Party,Male,Doctorate,"M.Sc., LL.B., Ph.D. Educated at Jiwaji University, Gwalior (Madhya Pradesh), Meerut University and Chaudhary Charan Singh University, Meerut (Uttar Pradesh)",51,11,0,0,95, (All data corresponds to the period 04 Jun 2009 to 22 May 2012)
S.S. Ahluwalia,Elected,03-Apr-06,02-04-2012,Jharkhand,,Bharatiya Janata Party,Male,Graduate,"B.Sc., LL.B. Educated at St. Joseph School, Asansol, Bidhan Chandra College, Burdwan University and University College of Law, Calcutta University, West Bengal ",60,71,0,193,96, (All data corresponds to the period 04 Jun 2009 to 22 May 2012)
Sabir Ali,Elected,16-Dec-11,In office,Bihar,,Janata Dal (United),Male,Graduate,"Intermediate, B.A.",41,28,0,400,64, (All data corresponds to the period 04 Jun 2009 to 22 May 2012)
Sachin Ramesh Tendulkar,Nominated,27-Apr-12,In office,,,Independent,Male,Inter/ Higher Secondary,,39,0,0,0,11, (All data corresponds to the period 04 Jun 2009 to 22 May 2012)
Saif-ud-Din Soz,Elected,11-Feb-09,In office,Jammu and Kashmir,,Indian National Congress,Male,Post Graduate,"M.A. (Economics) Educated at Jammu and Kashmir University, Srinagar ",74,18,0,106,92, (All data corresponds to the period 04 Jun 2009 to 22 May 2012)
Salim Ansari,Elected,05-Jul-10,In office,Uttar Pradesh,,Bahujan Samaj Party,Male,Post Graduate,"B.A., M.A. ; Educated at D.C.S.K.P.G. College, Mau (Gorakhpur University)",50,3,0,22,100, (All data corresponds to the period 04 Jun 2009 to 22 May 2012)
Saman Pathak,Elected,03-Apr-06,02-04-2012,West Bengal,,Communist Party of India (Marxist),Male,Graduate,"B.A., Diploma in Computer Educated at North Bengal University, Siliguri ",38,31,0,79,82, (All data corresponds to the period 04 Jun 2009 to 22 May 2012)
Sanjay Raut,Elected,05-Jul-10,In office,Maharashtra,,Shiv Sena,Male,Graduate,"B. Com. Educated at Mumbai University, Mumbai ",50,29,0,529,59, (All data corresponds to the period 04 Jun 2009 to 22 May 2012)
Sanjiv Kumar,Elected,04-May-12,In office,Jharkhand,,Jharkhand Mukti Morcha,Male,Information not available,,112,0,0,0,93, (All data corresponds to the period 04 Jun 2009 to 22 May 2012)
Santosh Bagrodia,Elected,05-Jul-04,04-07-2010,Rajasthan,,Indian National Congress,Male,Graduate,"Graduate in Commerce Educated at St. Xavier's College, Calcutta ",71,28,3,245,93, (All data corresponds to the period 04 Jun 2009 to 22 May 2012)
Sardar Sukh Dev Singh Dhindsa,Elected,10-Apr-10,In office,Punjab,,Shiromani Akali Dal,Male,Graduate,"B.A. Educated at Guru Nanak School, Sangrur and Government Ranbir College, Sangrur, Punjab",76,18,1,205,60, (All data corresponds to the period 04 Jun 2009 to 22 May 2012)
Satish Chandra Misra,Elected,05-Jul-10,In office,Uttar Pradesh,,Bahujan Samaj Party,Male,Graduate,"B.A., LL.B. Educated at Allahabad University and P.P.N. College, Kanpur University ",59,24,0,4,79, (All data corresponds to the period 04 Jun 2009 to 22 May 2012)
Satish Kumar Sharma,Elected,05-Jul-10,In office,Uttar Pradesh,,Indian National Congress,Male,Diploma Course,"Higher Secondary; Commercial Pilots Licence; Airline Transport Pilots Licence Educated at Mothers School, New Delhi; Hyderabad and Kansas City, U.S.A. ",64,0,0,0,95,"This MP has been re-elected/nominated. During his previous term, this MP was an elected representative from Uttarakhand; the term ended on 4th July, 2010. (All data corresponds to the period 04 Jun 2009 to 22 May 2012)"
Satyavrat Chaturvedi,Elected,03-Apr-12,In office,Uttarakhand,,Indian National Congress,Male,Inter/ Higher Secondary,"Senior Cambridge Educated at Sainik School, Rewa (Madhya Pradesh) ",62,10,0,447,95, (All data corresponds to the period 04 Jun 2009 to 22 May 2012)
Shadi Lal Batra,Elected,03-Apr-12,In office,Haryana,,Indian National Congress,Male,Professional Graduate,"B.Com., LL.B. ; Educated at Vaish College, Rohtak, Haryana and Faculty of Law, University of Delhi, Delhi",72,6,7,172,92, (All data corresponds to the period 04 Jun 2009 to 22 May 2012)
Shanta Kumar,Elected,10-Apr-08,In office,Himachal Pradesh,,Bharatiya Janata Party,Male,Professional Graduate,"B.A., LL.B. ; Educated at Panjab University and Delhi Law College, Delhi",77,25,0,51,81, (All data corresponds to the period 04 Jun 2009 to 22 May 2012)
Shantaram Laxman Naik,Elected,01-Aug-11,In office,Goa,,Indian National Congress,Male,Graduate,"B.A., LL.B. Educated at Smt. Parvatibai Chowgule College, Margao, Bombay University, Mumbai and Siddharth College of Law, Bombay University, Mumbai ",66,87,13,281,96, (All data corresponds to the period 04 Jun 2009 to 22 May 2012)
Sharad Anantrao Joshi,Elected,05-Jul-04,04-07-2010,Maharashtra,,Swtantra Bharat Paksh,Male,Post Graduate,"M. Com., Diplome d'informatique Educated at Sydenham College of Commerce & Economics, Mumbai and Institut de traitement d'information, Lausanne, Switzerland ",76,20,0,43,96, (All data corresponds to the period 04 Jun 2009 to 22 May 2012)
Shashi Bhusan Behera,Elected,02-Jul-10,In office,Orissa,,Biju Janata Dal,Male,Graduate,"Graduate ; Educated at Ravenshaw College, Utkal University, Cuttack (Orissa)",59,11,0,0,88, (All data corresponds to the period 04 Jun 2009 to 22 May 2012)
Shivanand Tiwari,Elected,10-Apr-08,In office,Bihar,,Janata Dal (United),Male,Under Graduate,,68,60,0,509,85, (All data corresponds to the period 04 Jun 2009 to 22 May 2012)
Shivpratap Singh,Elected,10-Apr-08,In office,Chhattisgarh,,Bharatiya Janata Party,Male,Inter/ Higher Secondary,"Higher Secondary Educated at Government Senior Secondary School, Surajpur ",70,0,0,34,55, (All data corresponds to the period 04 Jun 2009 to 22 May 2012)
Shivraj Patil,Elected,05-Jul-04,21-01-2010,Maharashtra,,Indian National Congress,Male,Graduate,"B.Sc., LL.B., LL.M. Educated at Osmania University, Hyderabad and Bombay University, Mumbai",76,1,0,0,91, (All data corresponds to the period 04 Jun 2009 to 22 May 2012)
Shobhana Bhartia,Nominated,16-Feb-06,15-02-2012,,,Independent,Female,Graduate,"Senior Cambridge, B.A.(Hons.) Educated at Loreto House and Loreto College, Calcutta ",55,11,1,590,84, (All data corresponds to the period 04 Jun 2009 to 22 May 2012)
Shreegopal Vyas,Elected,03-Apr-06,02-04-2012,Chhattisgarh,,Bharatiya Janata Party,Male,Graduate,"B. E.(Hons.), LL.B. Educated at Saugar University, Jabalpur, Madhya Pradesh and Ravishankar Vishwavidyalaya, Raipur, Chattisgarh",80,79,3,533,99, (All data corresponds to the period 04 Jun 2009 to 22 May 2012)
Shriram Pal,Elected,19-Jun-09,04-07-2010,Uttar Pradesh,,Bahujan Samaj Party,Male,Information not available,,Information not available,2,0,0,51, (All data corresponds to the period 04 Jun 2009 to 22 May 2012)
Shyam Benegal,Nominated,16-Feb-06,15-02-2012,,,Independent,Male,Post Graduate,"M.A. (Economics) Educated at Nizam College, Osmania University, Hyderabad ",77,3,0,4,74, (All data corresponds to the period 04 Jun 2009 to 22 May 2012)
Shyamal Chakraborty,Elected,03-Apr-08,In office,West Bengal,,Communist Party of India (Marxist),Male,Graduate,"B. A. Educated at University of Calcutta, Kolkata ",68,17,0,187,75, (All data corresponds to the period 04 Jun 2009 to 22 May 2012)
Sitaram Yechury,Elected,19-Aug-11,In office,West Bengal,,Communist Party of India (Marxist),Male,Post Graduate,"B.A. (Hons.) in Economics, M.A. (Economics) Educated at President's Estate School, New Delhi, St. Stephen's College, New Delhi and Jawaharlal Nehru University, New Delhi ",59,52,0,43,89, (All data corresponds to the period 04 Jun 2009 to 22 May 2012)
Smriti Zubin Irani,Elected,18-Aug-11,In office,Gujarat,,Bharatiya Janata Party,Female,Graduate,"Educated at Holy Child Auxilium, Delhi and School of Correspondence and Continuing Education, University of Delhi, Delhi",36,17,0,115,73, (All data corresponds to the period 04 Jun 2009 to 22 May 2012)
Srinjoy Bose,Elected,18-Aug-11,In office,West Bengal,,All India Trinamool Congress,Male,Graduate,"B. Com. (Pass) Educated at Don Bosco, Kolkata and Calcutta University, Kolkata",36,0,0,0,39, (All data corresponds to the period 04 Jun 2009 to 22 May 2012)
Su. Thirunavukkarasar,Elected,30-Jun-04,10-11-2009,Madhya Pradesh,,Indian National Congress,Male,Post Graduate,"B.L., M.A. Educated at Madras Law College, Chennai (Tamil Nadu) and Venkateshwara University (Andhra Pradesh)",63,0,0,0,50, (All data corresponds to the period 04 Jun 2009 to 22 May 2012)
Subhash Prasad Yadav,Elected,08-Jul-04,07-07-2010,Bihar,,Rashtriya Janata Dal,Male,Graduate,"Graduate, Educated at Magadh University, Bodh Gaya (Bihar) ",45,0,0,24,51, (All data corresponds to the period 04 Jun 2009 to 22 May 2012)
Sukhendu Sekhar Roy,Elected,18-Aug-11,In office,West Bengal,,All India Trinamool Congress,Male,Professional Post Graduate,"M.A., LL.B. Educated at Kalindri High School, Malda, St. Paul's College, Rabindra Bharati University and Calcutta University, Kolkata",63,21,0,9,78, (All data corresponds to the period 04 Jun 2009 to 22 May 2012)
Surendra Motilal Patel,Elected,19-Aug-05,18-08-2011,Gujarat,,Bharatiya Janata Party,Male,Graduate,"B.E. (Civil) Educated at Sardar Patel University, Vallabh Vidyanagar (Gujarat)",74,2,0,0,69, (All data corresponds to the period 04 Jun 2009 to 22 May 2012)
Suryakantbhai Acharya,Elected,19-Aug-05,21-12-2009,Gujarat,,Bharatiya Janata Party,Male,Graduate,"B.A., B.Com., LL.B. Educated at M.P.Shah College and Shamaldas College, Gujarat University, Bhavnagar and Dharmendra College, Gujarat University, Rajkot",82,0,0,0,57, (All data corresponds to the period 04 Jun 2009 to 22 May 2012)
Sushila Tiriya,Elected,04-Apr-06,03-04-2012,Orissa,,Indian National Congress,Female,Graduate,"B.A., C.T., B.Ed. Educated at Karanjia College, Karanjia (Utkal University) ",56,29,0,159,84, (All data corresponds to the period 04 Jun 2009 to 22 May 2012)
Swapan Sadhan Bose,Elected,19-Aug-05,18-08-2011,West Bengal,,All India Trinamool Congress,Male,Graduate,"B. Com., LL.B. Educated at St. Xavier's College, University of Calcutta ",64,1,0,0,19, (All data corresponds to the period 04 Jun 2009 to 22 May 2012)
Syed Azeez Pasha,Elected,03-Apr-06,02-04-2012,Andhra Pradesh,,Communist Party of India,Male,Graduate,"B.A., LL.B. Educated at Osmania University, Hyderabad and Osmania University Law College, Hyderabad",67,70,0,490,90, (All data corresponds to the period 04 Jun 2009 to 22 May 2012)
Syeda Anwara Taimur,Elected,03-Apr-04,02-04-2010,Assam,,Indian National Congress,Female,Post Graduate,"B.A. (Hons.), M.A. (Economics) Educated at Jorhat Girls' High School, J.B. College, Jorhat and Aligarh Muslim University",75,1,0,72,68, (All data corresponds to the period 04 Jun 2009 to 22 May 2012)
T. Ratna Bai,Elected,10-Apr-08,In office,Andhra Pradesh,,Indian National Congress,Female,Inter/ Higher Secondary,"High School Educated at Government High School, Rampachodavaram, Distt. East Godavari (Andhra Pradesh) ",65,11,0,593,98, (All data corresponds to the period 04 Jun 2009 to 22 May 2012)
T. Subbarami Reddy,Elected,10-Apr-08,In office,Andhra Pradesh,,Indian National Congress,Male,Doctorate,"B.Com. Educated at Nizam College, Hyderabad ",68,27,10,696,63, (All data corresponds to the period 04 Jun 2009 to 22 May 2012)
T.K. Rangarajan,Elected,03-Apr-08,In office,Tamil Nadu,,Communist Party of India (Marxist),Male,Inter/ Higher Secondary,"SSLC Educated at GMTTV High School, Chennai ",70,30,0,209,71, (All data corresponds to the period 04 Jun 2009 to 22 May 2012)
T.M. Selvaganapathi,Elected,30-Jun-10,In office,Tamil Nadu,,Dravida Munnetra Kazhagam,Male,Professional Post Graduate,"B.A. (Economics), M.A. (Economics), LL.B. Educated at Loyola College, Chennai, Jawaharlal Nehru University, New Delhi and Campus Law Centre, University of Delhi, Delhi",53,10,0,314,73, (All data corresponds to the period 04 Jun 2009 to 22 May 2012)
T.N. Seema,Elected,03-Apr-10,In office,Kerala,,Communist Party of India (Marxist),Female,Doctorate,"B.A., M.A. (Malayalam), Ph.D. in Malayalam Literature from University of Kerala Diploma in Tamil from Central Institute of Indian Languages, Mysore Diploma in Universalising Social Security from Institute of Social Science, Hague, the Netherlands",48,14,0,174,78, (All data corresponds to the period 04 Jun 2009 to 22 May 2012)
T.T.V. Dhinakaran,Elected,30-Jun-04,29-06-2010,Tamil Nadu,,All India Anna Dravida Munnetra Kazhagam,Male,Information not available,,48,0,0,117,7, (All data corresponds to the period 04 Jun 2009 to 22 May 2012)
Tapan Kumar Sen,Elected,03-Apr-12,In office,West Bengal,,Communist Party of India (Marxist),Male,Graduate,"B.A.(Hons.) in Economics Educated at Presidency College, Kolkata University ",60,80,0,157,90, (All data corresponds to the period 04 Jun 2009 to 22 May 2012)
Tarini Kanta Roy,Elected,03-Apr-08,In office,West Bengal,,Communist Party of India (Marxist),Male,Under Graduate,"Undergraduate, Educated at A.B.N. Seal College (formerly Victoria College), Cooch Behar (West Bengal) ",62,14,0,77,73, (All data corresponds to the period 04 Jun 2009 to 22 May 2012)
Tariq Anwar,Elected,05-Jul-10,In office,Maharashtra,,Nationalist Congress Party,Male,Graduate,"B.Sc. Educated at College of Commerce, Patna, Magadh University, Bodh Gaya (Bihar) ",61,41,0,379,88, (All data corresponds to the period 04 Jun 2009 to 22 May 2012)
Tarlochan Singh,Elected,02-Aug-04,01-08-2010,Haryana,,Independent,Male,Post Graduate,"M.A. (Economics) Educated at Panjab University, Chandigarh ",79,30,0,40,94, (All data corresponds to the period 04 Jun 2009 to 22 May 2012)
Tarun Vijay,Elected,05-Jul-10,In office,Uttarakhand,,Bharatiya Janata Party,Male,Graduate,"B.A. Educated at Dehradun and Osmania University, Hyderabad",56,71,4,148,90, (All data corresponds to the period 04 Jun 2009 to 22 May 2012)
Thaawar Chand Gehlot,Elected,03-Apr-12,In office,Madhya Pradesh,,Bharatiya Janata Party,Male,Information not available,,Information not available,5,0,31,95, (All data corresponds to the period 04 Jun 2009 to 22 May 2012)
Thomas Sangma,Elected,13-Apr-08,In office,Meghalaya,,Nationalist Congress Party,Male,Diploma Course,"Under Graduate, Diploma in Computer Applications Educated at Tura Government College (N.E.H.U.), Tura and C.A. I. (Kolkata), Tura ",50,7,4,52,86, (All data corresponds to the period 04 Jun 2009 to 22 May 2012)
Tiruchi Siva,Elected,25-Jul-07,In office,Tamil Nadu,,Dravida Munnetra Kazhagam,Male,Post Graduate,"M.A. (Eng.), B.L. Educated at Periyar E.V.R. College, Madras University and Tiruchi Law College, Bharatidassan University ",58,81,0,22,91, (All data corresponds to the period 04 Jun 2009 to 22 May 2012)
Upendra Kushwaha,Elected,08-Jul-10,In office,Bihar,,Janata Dal (United),Male,Post Graduate,"B.Sc., M.A. (Political Science) Educated at Patna Science College, Patna and B.R. Ambedkar Bihar University, Muzaffarpur (Bihar)",50,4,0,114,74, (All data corresponds to the period 04 Jun 2009 to 22 May 2012)
V. Hanumantha Rao,Elected,22-Jun-10,In office,Andhra Pradesh,,Indian National Congress,Male,Graduate,"B.A. Educated at Osmania University, Hyderabad ",63,16,0,108,76, (All data corresponds to the period 04 Jun 2009 to 22 May 2012)
V. Maitreyan,Elected,25-Jul-07,In office,Tamil Nadu,,All India Anna Dravida Munnetra Kazhagam,Male,Doctorate,"M.B.B.S., M.D. (General Medicine), D.M. (Medical Oncology) Educated at Government Medical College, Nagpur University, Madras Medical College, University of Madras and Cancer Institute (WIA), University of Madras ",56,36,0,1,81, (All data corresponds to the period 04 Jun 2009 to 22 May 2012)
V.P. Singh Badnore,Elected,05-Jul-10,In office,Rajasthan,,Bharatiya Janata Party,Male,Graduate,"B.A.(Hons.), Business Management Educated at Mayo College, Government College, Ajmer and A.S.C.I., Hyderabad",64,21,0,24,88, (All data corresponds to the period 04 Jun 2009 to 22 May 2012)
Vandana Hemant Chavan,Elected,03-Apr-12,In office,Maharashtra,,Nationalist Congress Party,Female,Information not available,,Information not available,0,0,0,86, (All data corresponds to the period 04 Jun 2009 to 22 May 2012)
Varinder Singh Bajwa,Elected,10-Apr-04,09-04-2010,Punjab,,Shiromani Akali Dal,Male,Post Graduate,"M.A. (Political Science) Educated at Panjab University, Chandigarh",67,3,0,108,43, (All data corresponds to the period 04 Jun 2009 to 22 May 2012)
Vasanthi Stanley,Elected,03-Apr-08,In office,Tamil Nadu,,Dravida Munnetra Kazhagam,Female,Post Graduate,"B.A., B.Ed., M.A. (English), B.L. Educated at Madurai Kamaraj University, Madurai and Dr. Ambedkar Law University, Chennai ",50,45,0,116,86, (All data corresponds to the period 04 Jun 2009 to 22 May 2012)
Vayalar Ravi,Elected,22-Apr-09,In office,Kerala,,Indian National Congress,Male,Post Graduate,"B.A., M.A., B.L. Educated at S.D. College, Alappuzha, Maharajas College, Ernakulam and Law College, Ernakulam ",74,N/A,N/A,N/A,N/A,"This MP is a minister. Ministers represent the government in debates, so we do not report their participation.� They do not sign the attendance register, ask questions, or introduce private member bills. (All data corresponds to the period 04 Jun 2009 to 22 May 2012)"
Veer Pal Singh Yadav,Elected,03-Apr-06,02-04-2012,Uttar Pradesh,,Samajwadi Party,Male,Graduate,"B.A., LL.B. Educated at Atmaram Inter College, Balliya (Bareilly), Shri Gulab Ray Inter College, Bareilly and Bareilly College, Bareilly, Uttar Pradesh",56,14,0,23,85, (All data corresponds to the period 04 Jun 2009 to 22 May 2012)
Veer Singh,Elected,26-Nov-08,In office,Uttar Pradesh,,Bahujan Samaj Party,Male,Graduate,"B.A., LL.B. Educated at J.S. Hindu College, Amroha, Jyotiba Phule Nagar and K.G.K. College, Muradabad, Uttar Pradesh",56,17,0,1,74, (All data corresponds to the period 04 Jun 2009 to 22 May 2012)
Vegad Shankarbhai N.,Elected,03-Apr-12,In office,Gujarat,,Bharatiya Janata Party,Male,Information not available,,Information not available,0,0,0,100, (All data corresponds to the period 04 Jun 2009 to 22 May 2012)
Vijay Jawaharlal Darda,Elected,05-Jul-10,In office,Maharashtra,,Indian National Congress,Male,Diploma Course,Diploma in Jounalism & Printing Technology,62,22,5,536,50, (All data corresponds to the period 04 Jun 2009 to 22 May 2012)
Vijay Mallya,Elected,01-Jul-10,In office,Karnataka,,Independent,Male,Graduate,"B.Com. (Hons.), Doctor of Philosophy in Business Administration (Honoris Causa) conferred by Southern California University, Irvine, USA Educated at St. Xaviers College, Kolkata",56,0,0,109,41, (All data corresponds to the period 04 Jun 2009 to 22 May 2012)
Vijaykumar Rupani,Elected,03-Apr-06,02-04-2012,Gujarat,,Bharatiya Janata Party,Male,Graduate,"B.A., LL.B. Educated at Saurashtra University, Rajkot (Gujarat)",55,17,0,85,75, (All data corresponds to the period 04 Jun 2009 to 22 May 2012)
Vijaylaxmi Sadho,Elected,30-Jun-10,In office,Madhya Pradesh,,Indian National Congress,Female,Doctorate,"M.B.B.S. Educated at Gandhi Medical College, Bhopal",56,11,0,0,94, (All data corresponds to the period 04 Jun 2009 to 22 May 2012)
Vikram Verma,Elected,03-Apr-06,02-04-2012,Madhya Pradesh,,Bharatiya Janata Party,Male,Post Graduate,"M.A. (Hindi and Political Science), LL.B. Educated at Christian College, Indore and Gujarati College, Indore (Madhya Pradesh) ",68,15,0,0,91, (All data corresponds to the period 04 Jun 2009 to 22 May 2012)
Vilasrao Dagadojirao Deshmukh,Elected,03-Apr-12,In office,Maharashtra,,Indian National Congress,Male,Professional Graduate,"B.Sc., B.A., LL.B. Educated at Garware College, Pune University, Pune and I.L.S. Law College, Pune (Maharashtra)",67,N/A,N/A,N/A,N/A,"This MP is a minister. Ministers represent the government in debates, so we do not report their participation.� They do not sign the attendance register, ask questions, or introduce private member bills. (All data corresponds to the period 04 Jun 2009 to 22 May 2012)"
Vinay Katiyar,Elected,03-Apr-12,In office,Uttar Pradesh,,Bharatiya Janata Party,Male,Graduate,"B.Com. Educated at Kanpur University, Kanpur (Uttar Pradesh) ",57,7,0,0,74, (All data corresponds to the period 04 Jun 2009 to 22 May 2012)
Viplove Thakur,Elected,03-Apr-06,02-04-2012,Himachal Pradesh,,Indian National Congress,Female,Post Graduate,"B.A., M.A. (Political Science) Educated at Panjab University, Chandigarh",68,27,0,393,96, (All data corresponds to the period 04 Jun 2009 to 22 May 2012)
Virendra Bhatia,Elected,03-Apr-06,24-05-2010,Uttar Pradesh,,Samajwadi Party,Male,Post Graduate,"LL.B., M.Com., M.A.( Sociology), Diploma in Labour Law Educated at Lucknow University, Lucknow (Uttar Pradesh) ",65,5,0,16,33, (All data corresponds to the period 04 Jun 2009 to 22 May 2012)
Vivek Gupta,Elected,03-Apr-12,In office,West Bengal,,All India Trinamool Congress,Male,Information not available,,Information not available,0,0,0,86, (All data corresponds to the period 04 Jun 2009 to 22 May 2012)
Y. P. Trivedi,Elected,03-Apr-08,In office,Maharashtra,,Nationalist Congress Party,Male,Graduate,"B. Com., LL.B. Educated at Sydnam College, Mumbai",83,21,2,317,58, (All data corresponds to the period 04 Jun 2009 to 22 May 2012)
Y. S. Chowdary,Elected,22-Jun-10,In office,Andhra Pradesh,,Telugu Desam Party,Male,Professional Graduate,"B.E. (Bachelor of Engineering) from Chaitanya Institute of Technology, Hyderabad Master of Engineering from P.S.G. College of Technology, Coimbatore",50,19,0,187,87, (All data corresponds to the period 04 Jun 2009 to 22 May 2012)
